Sample_ID,Latitude,Longitude,XRD_Ilmenite_wt%,XRD_Anorthite_wt%,XRD_Olivine_wt%,XRD_Pyroxene_wt%,XRD_Glass_wt%,XRF_FeO_wt%,XRF_TiO2_wt%,XRF_SiO2_wt%,XRF_Al2O3_wt%,XRF_MgO_wt%,XRF_CaO_wt%,pH,EC_mS_cm,Cosmic_Radiation_mSv_day,Ice_Depth_m,Ice_Probability_%,Gas_H2_ppm,Gas_CH4_ppm,Gas_SO2_ppm,Gas_H2S_ppm,Toxicity_Index,Agriculture_Score,Agriculture_Class,Resource_Score,Resource_Extractable
L001,55.047,71.33,22.38,12,8.25,8.93,18.41,16.84,11.18,36.74,20.55,2,8.28,8.9,5.42,2.24,7.52,53,110.2,58.9,8.3,3.9,28.6,50.2,Not Useful,65.9,Yes
L002,-48.978,-75.82,11.91,22.44,28.72,13.46,2.32,6.33,7.07,47.07,30.18,9.39,13.04,9.62,3.14,1.47,0.05,97.3,430.9,57.7,17.3,17.1,60.6,75.3,Useful,46.2,No
L003,61.713,99.36,2.79,28.62,3.03,11.12,15.89,4.91,2.17,39.19,16.67,5.29,14.72,6.95,4.56,2.38,6.5,60.9,494.8,64,6.6,14.7,48.8,53.8,Not Useful,14.5,No
L004,89.557,3.429,8.02,12.57,9.46,10.71,5.27,13.04,5.68,41.29,26.39,3.87,18.72,8.55,5.11,2.43,9.88,45.9,292.3,89.8,13.5,24.2,64.6,42.2,Not Useful,35.8,No
L005,-8.33,163.374,3.18,13.77,3.29,25.1,19.8,5.65,1.4,42.63,34.9,3.3,19.57,9.03,3.56,1.82,0.83,86.1,133.4,64.1,24.5,26.9,70.5,68.3,Useful,17.7,No
L006,-34.647,-159.147,30.65,31.07,15.02,7.15,22.82,22.5,12.54,47.78,25.22,3.77,16.44,6.5,4.71,2.38,9.95,55.8,9.7,92.9,18.9,0,41.6,48.6,Not Useful,86.9,Yes
L007,-11.142,6.327,30.73,85.76,2.57,19.44,1.73,21.43,13.98,37.57,21.88,3.26,8.98,8.46,4.15,1.56,2.86,84.2,100.6,31.2,19.6,4.6,36.9,70.4,Useful,85.3,Yes
L008,55.349,-111.452,4.24,27.98,10.14,23.53,5.75,4.11,1.82,47.62,15.72,6.56,17.89,7.16,6.94,3.5,17.53,7.1,467.8,57.1,4.2,23,51.2,15.9,Not Useful,21,No
L009,9.059,-161.788,3.39,44.48,12.71,18.68,18.23,8.26,4.24,36.97,20.07,4.24,17.93,7.99,6.31,3.02,13.79,24.9,124.9,92.3,3.1,27,50.2,28.8,Not Useful,26.3,No
L010,-62.137,-73.185,34.97,76.88,29.07,37.05,21.22,17.4,14.75,39.27,20.03,6.11,10.68,8.12,2.85,1.69,0.31,93.8,478.7,99.5,0,0,34.3,78.4,Useful,100,Yes
L011,-14.54,30.122,33.9,56.33,16.27,29.92,1.43,21.1,14.39,52.05,13.94,8.06,6.2,7.24,5.87,3.13,15.22,25.8,445.1,24.6,0,0,18.3,31.4,Not Useful,98,Yes
L012,-23.485,-123.211,18.3,84.78,6.13,28.65,5.97,12.19,8.97,41,17.9,4.98,6.09,6.59,4.99,2.88,12.83,45.8,132.6,93.3,30.1,6,64.1,37.2,Not Useful,56.6,No
L013,-2.064,145.921,29.18,66.28,18.35,39.49,16.35,13.21,13.54,40.99,26.58,8.36,7.01,7.39,7.41,3.19,14.47,19.8,358.8,20.4,3.8,0,19.4,27.2,Not Useful,86.4,Yes
L014,-34.513,143.633,29.61,17.38,12.71,11.07,0.09,21.04,13.16,40.24,28.53,5.3,11.42,9.92,7.76,3.5,16.14,10.8,417.3,58.3,10.5,9.2,45,14,Not Useful,84.8,Yes
L015,54.402,131.063,27.86,78.86,26.97,8.4,6.24,13.57,12.93,52.68,20.16,8.5,7.32,9.54,4.26,1.91,3.65,89,12.4,73.7,0,25.1,37.7,67,Useful,81.1,Yes
L016,86.607,13.038,28.38,31.34,23.62,4.32,21.8,21.36,11.45,51.33,21.51,6.25,16.93,7.61,7.53,2.76,12.23,29.3,483.4,27.9,2.9,0,23.6,34.1,Not Useful,84.2,Yes
L017,43.551,61.426,32.87,19.23,29.11,7.14,24.06,17.45,12.82,43.69,28.21,7.39,14.09,7.32,5.8,2.46,8.85,53.5,0.8,92.6,0,1.2,19.6,50,Not Useful,92.1,Yes
L018,-89.927,-76.711,12.75,15.6,19.93,13.21,7.85,14.22,7,41.01,17.73,6.03,11.04,10.06,7.05,2.9,12.6,29.6,451.4,61.6,14.8,32,72.4,25,Not Useful,50.2,No
L019,-45.928,-8.951,15.05,56.4,19.64,18.6,11.05,8.91,7.14,53.02,29.9,4.78,6.27,9.57,6.01,2.36,10.22,51.5,336.4,22.5,18.6,22.1,56.8,41.4,Not Useful,50.3,No
L020,-7.837,108.51,29.74,15.83,12.43,25.19,4.86,20.35,12.78,39.88,26.4,2.51,16.26,7,5.2,1.88,3.34,75.5,259,5,8.1,24.4,40.4,63.9,Useful,86.7,Yes
L021,-76.053,-77.138,23.37,89.03,17.86,38,22.29,16.64,11.04,45.1,30.76,6.31,18.46,7.29,4.53,1.83,5.26,73.2,382.9,52.1,3.5,0,26.1,64.8,Useful,77.1,Yes
L022,-26.683,91.251,9.51,35.58,16.2,5.53,5.78,11.22,5.73,36.28,20.19,5.95,11.24,8.64,7.59,3.38,15.54,20.7,428.4,76.6,17.4,20.7,67.7,18.4,Not Useful,38.3,No
L023,-85.122,51.39,29.87,86.27,12.57,29.9,13.65,19.47,12.01,39.39,20.9,2.66,10.04,8.17,3.56,1.89,6.07,67.7,311.1,2.7,0,13,21.5,63.5,Useful,86.3,Yes
L024,80.93,-108.23,4.75,46.94,1.51,15.16,5.29,5.41,4.09,42.58,28.8,4.46,8.78,10.3,7.42,3.44,16.44,8.2,325.1,78.1,10.2,6.3,43.4,13.4,Not Useful,20.3,No
L025,38.703,-152.641,0.71,22.19,3.79,26.78,14.1,2.5,2.37,50.34,14.19,3.79,16.22,6.73,6.43,3.5,18.99,11.5,156,67.7,25.8,17.4,64.8,14.6,Not Useful,13.2,No
L026,37.316,-23.225,24.17,60.18,3.06,30.9,21.26,16.88,9.55,54.68,29.57,2.35,11.43,9.7,6.75,2.58,11.72,41.5,52.8,96.1,0,0,20.8,37.6,Not Useful,69,Yes
L027,-51.818,107.22,25.68,87.24,8.1,32.33,13.45,16.39,11.07,49.62,16.71,5.88,17.46,8.16,7.56,3.06,18.05,17.4,189.5,2.9,11,0,19.5,22.4,Not Useful,75.1,Yes
L028,5.566,-26.819,11.91,80.43,21.04,11.05,0.25,14.84,4.78,49.4,22.21,8,15.36,6.67,3.97,2.34,7.05,64.6,345.9,30.6,10.1,14.4,41.6,56,Not Useful,46.8,No
L029,-57.701,-174.907,26.11,36.46,21.09,10.84,6.29,12.96,10.5,37.39,23.4,8.03,7.78,10.21,6.73,3.1,14.26,28.4,141.5,10.1,10,11.7,28.8,26.5,Not Useful,73,Yes
L030,-80.35,-126.289,18.69,31.94,29.23,22.13,17.44,9.68,9.71,44.82,31.82,8.72,12.04,10.06,5.56,2.28,9.25,47.4,411.1,40.1,18.1,11.3,52.2,42.1,Not Useful,64.3,Yes
L031,28.877,-123.459,19.7,34.31,29.82,4.74,19.11,14.93,9.86,39.51,23.06,8.22,11.64,8.78,3.91,1.64,5.34,83.1,370,94.8,9.4,11.6,51.9,65.6,Useful,66.9,Yes
L032,58.794,-154.292,6.08,16.01,0.08,18.02,14.85,5.65,3.01,49.14,27.57,2.29,15.31,8.94,4.2,1.62,2.67,92.4,212.6,54.5,7.5,2.5,28.5,72.6,Useful,21.1,No
L033,81.142,179.846,5.81,34.61,22.47,22.77,7.22,3.86,4.27,48.99,33.57,7,12.41,7.59,7.18,3.38,16.55,8,45.7,96.2,23.4,8.8,56.6,17.3,Not Useful,31.1,No
L034,56.442,18.035,23.53,31.56,1.21,30.25,11.76,17.1,11.69,38.63,24.63,3.42,12.38,8.98,8,3.11,15.84,17.8,164.9,69.4,3.4,28.4,48.5,19.4,Not Useful,70,Yes
L035,-68.143,170.333,15.92,35.16,9.7,38.81,10.1,12.31,9.01,48.15,23.56,4.01,7.81,9.34,5.5,2.87,13.79,36.2,274.6,92.8,6.5,25.9,57.9,31.5,Not Useful,56.9,No
L036,75.936,2.967,21.31,29.14,4.75,22.03,13.81,10.52,11.07,53.26,21.54,2,17.48,7.39,6.18,2.44,10.39,52.4,490.1,24.4,0.5,1.9,21.9,47.4,Not Useful,60.3,Yes
L037,-56.043,71.099,30.78,79.12,8.29,31.6,10.37,23.19,13.22,51.41,17.07,3.15,13.8,8.45,2.59,1.28,0.98,94.9,276,54.3,1.2,7.4,27.3,81,Useful,90.8,Yes
L038,40.04,-32.408,20.01,28.68,23.27,1.75,18.62,16.06,10.04,42.72,26.59,8.76,19.71,8.66,6.28,2.44,7.73,52.1,437.1,44,0,3.2,24.8,47.8,Not Useful,65.2,Yes
L039,44.418,-23.77,22.92,22.35,14.08,38.77,8.46,17.24,10.66,52.04,31.31,7.11,10.7,9.79,5.04,2.94,13.49,36.9,34.2,63.1,32.3,0,52.4,32.3,Not Useful,75.1,Yes
L040,-64.239,-13.986,3.45,60.7,26.18,17.75,17.35,10.58,1.45,50.92,17.33,7.11,7.18,6.98,4.25,2.6,9.64,53.1,435.4,62,19,42.1,86.1,44,Not Useful,30.3,No
L041,88.685,-73.717,8.89,30.43,0.28,32.19,22.53,10.78,3.85,43.83,18.64,2.99,14.58,7.1,5.6,2.86,10.51,42.4,241.6,23.7,8.6,14.3,35.2,41.2,Not Useful,33.6,No
L042,23.085,145.225,34.23,62.66,8.23,22.64,17.14,22.85,13.15,47.13,22.42,6.17,9.29,8.85,4.22,1.78,4.85,77.9,338.9,72.1,0,0,24.6,65.7,Useful,93.5,Yes
L043,-29.031,-138.539,22.62,34.71,13.22,23.18,18.31,11.08,9.48,49.95,14.39,3.31,13.09,9.62,2.5,1.79,1.61,92.6,412.3,48.2,12.6,0,37.1,74,Useful,64.4,Yes
L044,-85.496,138.325,33.7,21.26,29,34.41,18.11,24.96,15,51.09,19.14,9.75,5.21,8.99,5.37,2.47,8.7,55.6,411.2,94,12.5,9.6,54.8,45.8,Not Useful,100,Yes
L045,43.608,-124.372,19.65,83.22,6.64,2.53,20.6,17.94,8.37,43.17,13.49,6.06,9.57,6.84,5.4,2.74,8.54,49.3,335.2,74.3,25.9,16.5,70.8,42.3,Not Useful,57.4,No
L046,29.298,51.014,14.52,17.92,14.68,16.32,23.79,6.86,6.63,43.87,33.76,7.21,6.49,7.73,4.19,2.36,6.46,68.6,94.9,12.2,23.1,11,42.9,58.1,Not Useful,44.7,No
L047,28.99,-170.719,20.9,11.71,23.6,9.74,3.15,15.05,8.15,50.3,15.18,5.8,18.05,6.5,7.04,3,11,37.9,72.3,13,8,11.2,24.4,35.9,Not Useful,65.1,Yes
L048,83.525,-158.103,0.52,73.2,7.14,12.95,4.36,2,2.42,45.52,28.64,3.81,16.67,10.08,4.26,2.46,8.17,51.3,391.6,86.7,9.2,18.5,56.8,45.2,Not Useful,11.1,No
L049,27.165,96.827,16.76,42.13,20.58,19.61,22.74,8.28,6.61,47.17,11.64,5.49,14.5,8.42,5.09,2.68,8.33,54.8,302.7,9.9,13.3,1.3,28.2,48.9,Not Useful,52.3,No
L050,15.564,22.171,25.23,27.2,13.55,9.14,8.47,15.89,10.84,36.9,20.67,6.03,10.61,9.63,5.96,2.83,17.1,23,48.3,73.9,11.9,0,30.5,25.9,Not Useful,71.1,Yes
L051,62.128,170.837,11.54,19.78,10.61,26.61,18.76,13.87,6.55,54.37,25.01,3.88,13.67,6.73,7.93,2.96,16.37,21.3,183.8,76.3,5,11.9,37.5,23.2,Not Useful,46.5,No
L052,-14.43,-57.277,28.64,59.09,19.28,1.05,23.23,21.18,11.69,38.61,27.57,5.4,10.1,7.9,6.77,3.41,19.38,10.5,316.6,3.1,7.9,0,19.5,19,Not Useful,82.3,Yes
L053,30.084,-163.65,12.95,67.73,23.31,22.7,2.12,6.35,5.39,47.36,26.85,6.02,14.93,9.32,4.59,2.38,10.05,48.6,215,28.3,14,9.6,37.5,45.5,Not Useful,45.4,No
L054,75.809,130.36,13.83,57.95,0.23,12.06,5.28,7.6,6.02,41.56,10.19,3.78,7.64,9.63,6.9,2.76,13.21,38,36,86.2,19.5,20.5,60.2,29.9,Not Useful,36.6,No
L055,-59.736,3.774,20.15,55.87,21.28,16.71,2.88,9.28,8.63,51.03,25.45,8.42,18.8,8.66,7.34,3.06,17.88,17.5,197.9,31,4.2,12.6,28.5,21.4,Not Useful,60.3,Yes
L056,11.609,48.707,3.99,50.8,27.18,13.98,18.18,9.99,3.96,39.73,13.66,6.42,14.04,9.39,4.01,1.72,5.42,76,377.2,76,0.8,27.2,51.9,61.7,Useful,33.3,No
L057,9.777,105.054,21.86,79.14,18.82,6.04,1.71,14.26,9.21,40.49,11.4,6.3,9.66,6.61,6.47,2.72,8.55,48.4,427.6,61.5,0,4.5,29.2,43.9,Not Useful,64.4,Yes
L058,-39.079,-32.843,31.36,45.98,24.29,26.07,8.04,18.87,12.37,36.24,12.59,9.35,10.15,7.29,4.17,1.83,5.87,70.7,219.7,52.3,12.2,13.1,43.5,62.4,Useful,92.5,Yes
L059,78.84,-68.551,11.84,57.83,23.68,25.89,1.65,6.27,6.54,40.68,28.09,8.02,18.6,6.87,3.02,1.71,1.87,87.3,483.8,69.8,9.6,28.4,65.6,71.3,Useful,45.9,No
L060,-71.795,97.515,13.18,73.33,24.4,26.8,20.72,13.32,7.07,45.53,26.15,7,10.43,10.09,6.2,2.62,11.47,36.3,113.3,13.8,31.7,29,70.2,31.5,Not Useful,54.9,No
L061,6.122,-68.592,29.23,80.69,1.13,13.47,19.16,14.46,12.24,38.24,30.78,4.08,17.14,9.01,6.26,3.01,14.94,24.1,222.1,28.5,7.9,0,21.9,28.6,Not Useful,73.3,Yes
L062,63.21,-77.377,28.3,47.52,25.05,14.71,23.68,22.58,12.14,40.64,19.55,7.65,19.49,7.3,4.19,1.62,5.32,79.4,437.1,55.5,20.4,16.6,63.6,64.7,Useful,88.8,Yes
L063,-65.232,-76.723,26.71,31.82,27.16,5.89,10.94,21.48,10.82,44.02,18.74,5.57,5.8,7.8,4.14,2.73,8.41,52.7,465.4,83.9,0,0,30.7,50.5,Not Useful,82.9,Yes
L064,72.926,34.826,29.04,65.69,4.16,28.22,11.22,13.12,11.27,40.12,30.87,3.58,15.91,7.5,4.07,2.25,7.47,54.9,209.9,79.4,4.3,6.3,33,55.2,Not Useful,75,Yes
L065,-44.343,-174.153,0.58,51.23,7.26,5.74,10.73,6.41,0.94,43.33,26.61,2,19.62,10.25,8,3.45,18.75,6.8,195.2,47,3.2,0,19.1,12,Not Useful,11.6,No
L066,-82.115,-108.191,27.6,37.58,21.99,25.13,19.29,19.77,11.48,35.89,23.65,8.47,7.63,8.83,4.79,2.02,4.61,76.2,31.6,77.6,1.6,7.2,24.8,63,Useful,85.5,Yes
L067,-0.446,152.752,1.47,84.67,15.46,39.56,13.58,3.19,2.82,38.82,18.92,7,17.99,9.86,7.01,2.78,11.86,33.2,447.3,38.7,27.2,18.1,70.1,28.1,Not Useful,23,No
L068,86.405,161.246,18.17,74.09,21.81,3.16,15.06,16.4,8.54,41.42,12,7.67,9.6,7.71,3.7,2.35,7.46,61.2,435,35.3,14.4,4.9,41.8,56,Not Useful,60.6,Yes
L069,13.306,10.606,2.63,61,10.9,32.04,16.99,10.71,1.43,47.15,29.53,2.35,6.01,8.57,4.19,1.8,3.9,77.9,339.5,94.9,8.6,32.2,68.5,62.7,Useful,25.8,No
L070,-74.198,65.495,13.93,61.96,7.49,4.54,18.39,11.26,6.45,46.23,16.54,2.8,11.69,8.26,1.77,1.64,0,99.6,426.4,45.2,25,13.5,64,79.5,Useful,41.8,No
L071,9.296,40.301,29.59,35.57,10.42,2.6,13.55,22.23,13.8,49.24,33.18,5.27,16.91,6.86,6.02,2.24,7.84,53.2,13.1,55.4,0,18.2,27.9,50.2,Not Useful,83.8,Yes
L072,-80.026,-135.302,3.02,34.74,29.99,28.75,13.14,9.05,3.62,36.48,34.31,9.21,11.75,9.42,4.82,2.32,5.78,68,91,96.6,2,29,50.5,54.1,Not Useful,34.9,No
L073,18.925,123.311,5.36,23.17,9.68,28.37,8.65,11.82,4.72,51.92,16.27,5.11,13.26,8.31,6.73,3.34,16.71,12.5,470.8,15.4,11.1,6.6,36.4,20.3,Not Useful,33.5,No
L074,-10.871,-5.67,19.73,76.02,0.85,1.82,16.04,14.64,9.45,50.34,20.41,3.37,12.47,8.23,5.53,2.48,6.62,62.7,342.5,29.7,20.5,21.6,60.2,50.4,Not Useful,53.5,No
L075,-61.254,-62.123,7.14,58.53,9.38,28.73,18.35,11.82,5.64,37.62,19.26,4.68,9.79,6.69,5.13,2.41,9.74,46.6,192.1,61.5,18.2,40,75.9,41.9,Not Useful,37.2,No
L076,-12.433,137.684,20.22,35.02,22.89,19.93,12.87,14.09,8.61,35.46,33.63,7.11,19.5,8.28,7.63,2.7,13.75,28.3,327.1,47.1,0,0.6,19.7,31.7,Not Useful,65.7,Yes
L077,-54.17,3.284,25.46,71.11,10.98,16.02,14.26,13.4,11.34,36.47,22.61,6.02,9.2,10.2,2.76,1.28,1.91,94.1,397.4,33.9,20.4,0,43.2,75,Useful,70.4,Yes
L078,-23.696,62.57,17.5,13.62,4.11,13.32,11.84,12.45,8.47,45.31,18.2,3.89,7.44,7.65,3.57,1.28,1.14,99.1,266.2,70.9,13.5,37.5,72.1,77.1,Useful,51,No
L079,80.677,-140.438,34.3,56.7,23.9,29.01,17.2,15.7,14.46,54.34,29.57,8.66,13.66,8.82,4.59,1.82,6.07,71.3,420.6,14.8,7.1,2.7,26.6,61.5,Useful,97.2,Yes
L080,48.958,79.533,0.66,35.1,4.54,27.62,10.26,8.05,3.01,52.46,28.4,2,7.07,8.4,6.63,3.24,15.15,20.7,86.6,91.2,13.9,27.8,62.6,22.4,Not Useful,19.1,No
L081,86.429,114.616,22.52,65.47,18.3,7.69,6.16,15.71,9.23,54.46,17.44,5.11,8.11,10.03,5.1,1.96,5.28,69.9,136.7,12.2,4.5,0,12,59.5,Not Useful,66.7,Yes
L082,-80.552,-31.212,33.41,74.37,8.71,11.51,17.85,18.5,14.02,40.13,21.98,2.75,13.08,8.76,3.51,1.4,2.92,89.3,121.2,67,0,2.2,19,75.3,Useful,87.7,Yes
L083,74.381,-116.977,25.11,18.04,23.12,0.21,13.76,20.59,10.76,53.7,31.96,7.01,7.99,9.93,2.12,1.64,0.9,91.9,287.1,53.5,4.8,0,25.1,76.8,Useful,76.9,Yes
L084,-5.756,-110.588,30.88,24.06,27.59,39.89,9.92,18.85,14.54,54.24,33.15,9.9,5.14,7.44,6.24,2.59,6.77,58.3,271.7,49.4,22.5,0,45,49.6,Not Useful,98.7,Yes
L085,-43.059,-95.212,3.94,23,13.77,10.29,4.65,9.14,3.87,46.36,28.93,3.63,17.84,6.65,3.69,1.62,3.37,89.7,92.4,14.1,15.3,26.8,48,71.2,Useful,26.1,No
L086,-65.958,-124.853,26.38,86.32,9.06,28.92,0.29,18.41,12.1,36.24,12.96,3.35,11.08,7.54,4.36,2.55,11.04,52.7,458.1,29.5,3.8,0.4,24.5,49.5,Not Useful,78.7,Yes
L087,-63.027,-61.878,26.17,58.46,12.48,21.97,11.77,17.15,11.94,39.37,16.19,6.27,18.1,6.61,7.47,3.35,16.4,17,30.9,54.8,0,4.6,16,22.5,Not Useful,77.2,Yes
L088,-78.523,177.885,18.21,19.3,6.16,23.33,2.27,13.3,9.35,44.07,22.83,3.52,5.87,7.88,6.47,2.71,11.98,46.2,372.9,57.8,25.1,22.6,73.1,36.3,Not Useful,56.8,No
L089,-57.875,13.413,32.71,15.52,28.01,1.27,10.22,22.41,14.73,54.57,26.15,7.7,19.89,7.8,6.35,2.9,12.98,42.5,330.9,53.9,3.8,0,25.3,38.3,Not Useful,96.7,Yes
L090,-87.184,-105.811,18.51,68.23,6.68,0.14,0.57,11.31,9.05,45.89,23.3,5.45,8.71,9.2,5.36,3.09,12.18,34.6,404.7,41.9,19.7,0,44.1,33.2,Not Useful,50.6,No
L091,-64.213,57.676,3.53,12.69,17.93,28.13,1.22,8.99,2.55,39.69,15.43,7.91,5.85,9.23,5,2.67,9.08,50.4,299,67.3,15.1,27.7,65.4,42,Not Useful,29.2,No
L092,-35.867,74.728,7.74,34.04,1.83,37.94,21.99,12.6,4.82,43.54,22.39,5.23,19.12,7.97,3.64,2,7.72,67.1,188.2,75.4,2.6,23.2,44.8,58.9,Not Useful,36.5,No
L093,40.375,21.186,28.2,83.18,16.87,38.71,13.93,14.03,11.45,39.07,26.17,7.99,17.71,7.37,7.69,3.02,17.33,17.9,301.5,87.4,13.1,20.7,60.9,20.1,Not Useful,82.2,Yes
L094,2.307,-0.98,16.78,79.56,9.99,38.28,0.38,16.92,9.26,37.35,34.99,4.39,8.64,8.51,5.53,2.49,6.54,61.4,190.3,53.4,4.1,11,31.2,52.5,Not Useful,62.3,Yes
L095,33.272,-87.362,3.45,88.51,14.08,33.59,22.86,5.26,2.55,46.25,15.53,3.55,8.91,6.91,2.63,1.47,1.62,93.5,189.9,83.3,6.3,20.1,48,77.3,Useful,25.5,No
L096,-48.342,74.581,28.76,87.32,19.25,19.62,4.21,20.89,11.43,49.41,22.21,8.43,13.13,9.69,5.78,1.89,5.32,64.6,334.1,76.4,0,15.1,38.9,54.9,Not Useful,85.7,Yes
L097,-72.663,-126.397,0.32,50.46,11.2,24.71,16.67,6.31,1.57,44.76,10.17,5,5.18,6.5,6.09,2.71,8.51,52.9,337,80.6,21.2,17.4,67.4,42.1,Not Useful,17.5,No
L098,-59.151,-0.051,6.72,52.12,24.46,10.69,9.92,6.75,3.77,46.3,34.76,6.02,15.26,9.34,2.52,1.93,3.66,84.8,189.6,55.3,19,20.5,58,67.1,Useful,32.6,No
L099,15.666,90.812,15.19,72.75,16.98,34.32,2.38,12.12,5.9,39.23,31.7,7.83,12.13,9.9,8,3.5,17.37,4.7,16.5,92.9,10,43.5,70.1,8,Not Useful,53.8,No
L100,81.875,-37.187,24.94,41.86,2.31,6.5,6.01,19.57,10.65,52.93,18.29,4.24,7.1,10.2,1.91,1.51,2.09,94,218.5,83.9,0.6,19.4,41.6,75.2,Useful,68.3,Yes
L101,-70.821,-178.13,27.07,12.37,8.2,39.7,12.27,15.74,13.11,43.64,26.99,4.94,6.29,6.63,3.91,2.34,8.68,62.6,355.8,63.4,7.5,0,32.4,54.7,Not Useful,80.7,Yes
L102,12.953,-118.95,10.79,38.79,8.09,5.3,4.68,9.34,5.76,43.16,10.66,3.39,6.4,7.47,4.65,2.2,7.34,59.8,42.3,90.1,36.3,4.5,66.9,52.6,Not Useful,35.2,No
L103,-30.682,-59.495,13.33,21.11,9.03,19.72,1.58,10.34,6.33,44.68,11.92,3.07,8.7,6.73,4.29,2.03,7.87,62.5,474.4,33.2,7.5,7.6,36.7,56.3,Not Useful,43.8,No
L104,16.601,16.426,28.54,78.76,29.23,5.44,8.02,22.32,11.45,41.28,34.11,10.69,9.37,7.27,4.1,2.11,6.15,69.1,408.2,39.3,15.8,13.5,51.1,59.3,Not Useful,87.8,Yes
L105,-17.855,2.381,23.86,54.01,28.59,18.46,17.71,15.12,9.94,48.86,30.47,9.7,11.14,8.93,5.87,2.28,10.05,52.4,394.5,7.4,17.1,4.3,37.8,45.5,Not Useful,75.6,Yes
L106,-88.101,-86.854,32.21,65.34,16.31,31.63,8.99,23.45,13.85,47.76,12.12,7.11,14.86,10.23,6.46,2.43,12.55,40.2,199.8,75.3,16.3,2.7,43.1,34.6,Not Useful,97.2,Yes
L107,-3.073,-8.581,17.87,51.5,17.42,23.01,11.14,11.95,9.11,46.77,22.51,5.21,5.37,6.76,8,3.5,17.57,10.5,70.8,31.2,12.8,21.9,43.4,15,Not Useful,59.5,No
L108,-12.216,-169.491,15.34,65.74,9.57,12.01,20.25,8.05,8.38,47.96,26.93,2.74,19.76,8.54,8,2.85,13.82,24.4,115.9,40.5,22.6,33.1,68.5,23.6,Not Useful,46,No
L109,15.661,-54.747,21.49,25.79,17.77,15.55,17.62,11.73,10.42,51.17,11.56,4.06,18.08,7.35,7.72,3,14.13,25.9,263.9,63.9,0,0,20.7,29.7,Not Useful,64.8,Yes
L110,89.982,19.769,29.59,59.39,24.41,28.24,7.44,19.46,11.5,37.68,12.95,6.41,7.75,6.85,4.13,2.02,6.25,68.9,92.9,63.6,4,0,20.3,62,Useful,89.8,Yes
L111,-40.526,13.539,17.14,21.22,9.44,18.04,1.34,11.3,6.54,37.73,30.38,6.71,12.58,9.66,5.47,2.45,10.84,49.5,41.3,3.1,18.5,11.7,34.5,42.7,Not Useful,50.3,No
L112,-9.048,-54.512,5.89,46.59,22.28,30.64,13.74,3.78,2.58,50.5,30.58,6.29,17.34,10.26,7.02,3.5,20,4.2,415,75.1,9,56.5,89.1,4.6,Not Useful,30.6,No
L113,-37.92,-83.756,28.59,45.13,29.82,31.03,5.92,20.97,12.63,42.01,27.77,9.13,7.49,6.54,6.66,2.94,14.46,21.8,140.5,53.9,2.4,19,35,27.7,Not Useful,93.8,Yes
L114,-8.641,48.106,30.03,88.84,20.38,3.81,24.07,21.37,14.17,54.85,31.68,4.71,17.99,9.35,6.96,3.1,14.6,31.2,244.7,57.7,7,15.3,41.1,26.8,Not Useful,88.6,Yes
L115,-41.663,118.204,30.8,17.45,15.47,11.13,23.41,17.55,14.56,41.55,10.06,6.96,15.99,7.73,3.15,2.1,5.41,72.1,267.2,21.8,3,8,23.1,65.6,Useful,86.5,Yes
L116,77.891,-81.353,11.82,56.23,16.98,19.41,8.59,12.15,4.64,36.99,29.6,5.69,6.86,10.13,2.74,1.39,2.61,85.8,344.3,13.2,15.2,15.2,45,71.1,Useful,44.3,No
L117,-13.983,-132.417,22.91,30.03,11.16,36.15,4.14,14.27,9.62,48.99,15.85,5.51,15.56,7.2,8,3.16,17.89,10.1,4.6,69.6,17.8,0,35.4,18.1,Not Useful,69.5,Yes
L118,33.582,129.587,2.48,40.65,21.92,4.1,7.83,9.93,1.35,50.47,28.83,5.05,19.89,8.9,7.31,2.99,17.26,14.3,361.2,62.8,22.8,28.4,76.3,16.3,Not Useful,23.6,No
L119,44.612,-73.605,3.03,18.04,22.57,23.58,9.6,11,2.1,37.8,16.92,4.94,13.3,9.06,5.79,2.43,8.43,60,329.2,30.2,8.5,18.7,42.9,47.9,Not Useful,30.5,No
L120,-77.844,-85.613,1.91,81.83,28.64,19.8,2.82,5.86,2.51,45.57,34.44,10.66,19.01,7.76,7.97,3.35,18.8,13.2,381.4,95.4,18.2,18.2,68.7,13.8,Not Useful,26.9,No
L121,32.59,-156.199,1.39,14.84,23.68,20.26,15.71,5.64,1.78,49.04,12.06,7.42,14.24,7.11,7.48,2.99,13.69,27.7,268.2,39.1,7.9,5.8,30.6,29.8,Not Useful,23,No
L122,-67.152,101.205,24.45,68.4,25.39,2.32,2.16,15.35,10.65,47.18,17.73,8.79,16.11,6.96,8,3.27,16.8,20.2,261.5,78.3,7.1,0,32,21.4,Not Useful,72.8,Yes
L123,1.588,-164.146,9.41,80.91,23.14,1.17,20.18,6.95,3.77,49.25,24.42,5.01,11.83,7.77,5.64,2.84,12.8,36,51.5,57.4,17,12.9,45.1,36.3,Not Useful,34.1,No
L124,54.781,173.309,30.2,29.56,14.15,15.32,3.75,22.9,14.05,46.06,32.85,6.53,11.29,7.39,5.12,2.9,12.19,37.4,186.4,50.2,12.1,1.4,31.4,39.5,Not Useful,89.8,Yes
L125,-88.852,-32.387,33.39,15.51,13.95,11.29,21.12,18.3,14.35,35.16,15.02,5.61,9.56,8.27,5.44,2.26,7.27,62.9,97.7,90,8.4,0,31,54.1,Not Useful,90,Yes
L126,36.152,-45.903,8.15,37.71,25.19,35.09,23.77,3.68,5.07,51.98,28.18,5.56,12.95,10.29,7.46,2.81,15.2,23.8,46.5,92.1,25.7,12.7,62.2,21.1,Not Useful,39.1,No
L127,15.247,-124.052,34.11,16.79,2.87,5.34,20.5,16.1,14.67,43.7,34.11,2,8.91,9.24,5.75,2.9,13.85,36.8,136,7.5,12.1,21.6,39.5,33,Not Useful,83.8,Yes
L128,31.893,-86.34,5.75,47.28,12.2,21.44,24.12,4.67,3.11,40.3,13,3.23,15.29,9.64,3.23,1.49,4.26,82.6,45.6,24.8,12.1,29.5,47.3,67.7,Useful,25.7,No
L129,-86.076,-156.79,34.67,12.49,12.13,18.09,18.7,18.1,14.56,51.08,13.49,2.49,17.46,7.79,3.38,1.72,0,93.5,322.3,58.2,7.2,23.3,50.9,76.3,Useful,92.7,Yes
L130,21.452,-91.517,31.59,45.47,3.86,36.2,20.73,17.53,12.13,44.22,14.2,3.64,17.33,6.99,5.12,2.74,9.4,43.6,93.6,28,9.6,3.2,22.8,45.3,Not Useful,85,Yes
L131,-57.633,-65.204,10.33,42.96,16.52,2.44,6.99,6.02,4.52,52.69,23.15,6.46,17.03,7.74,3.95,2,6.06,79.5,242.3,91.3,10.1,19.9,55.5,63,Useful,33.1,No
L132,61.06,124.28,7.67,81.66,23.36,2.34,24.79,8.74,5.21,54.99,34.35,5.17,14.85,6.52,8,3.26,15.93,26.7,109.7,84.7,20.2,11.1,54.4,21.4,Not Useful,35.2,No
L133,-89.877,150.443,6.16,57.4,24.19,27.91,22.85,3.06,4.44,53.95,24.09,7.65,7.82,7.54,2.74,1.4,1.77,98.8,45.1,23.3,19.9,32,58.7,78.8,Useful,33,No
L134,80.765,105.063,7.05,20.44,21.51,36.75,21.11,6.41,2.75,46.73,32.93,8.17,17.7,10.07,3.21,1.61,4.63,86.1,50.5,30.2,21.1,24.4,54.8,66.2,Useful,35.7,No
L135,18.43,151.574,33.62,61.93,5.23,38.75,17.34,24.42,15,39.46,24.72,2,9.6,10.1,5.56,2.21,4.8,68.5,195.8,99.4,10,4.4,41.8,54.2,Not Useful,98.4,Yes
L136,-89.769,-41.063,33.86,27.67,16.97,37.47,3.52,22.69,13.58,54.65,14.2,7.82,6.33,8.09,3.76,2.27,6.5,70.3,124.8,6.8,7.8,9.8,23.3,61.2,Useful,100,Yes
L137,41.757,16.937,25.64,87.53,26.54,19.72,9.47,17,10.05,44.59,31.6,8.56,15.31,7.48,6.47,3.28,13.53,23.8,475.8,7.4,11.7,13.5,42,28.5,Not Useful,79.3,Yes
L138,12.919,122.348,31.43,17.45,17.82,24.55,12.07,14.46,14.77,38.3,32.24,4.35,6.52,9.19,7.3,3.11,13.27,27.5,132.6,28.2,8.2,8.2,26.8,28,Not Useful,88.9,Yes
L139,-23.508,-19.521,5.38,38.87,12.83,11.78,16.55,8.42,2.64,35.51,14.27,4.02,6.23,8.26,3.96,1.66,2.36,84.4,45.6,54.4,24.6,39.1,77,67.1,Useful,26,No
L140,-4.273,-151.576,9.22,47.2,6.79,10.74,1.54,11.67,5.5,36.71,18.59,4.06,19.56,9.57,4.77,2.49,8.42,59,267.8,86.7,1.7,23.3,48.3,47.8,Not Useful,35.1,No
L141,-43.58,147.89,31.6,67.14,15.06,36.02,20.01,20.99,13.87,37.41,28.93,3.88,19.77,7.99,4.32,1.32,2.71,92.6,217.7,99.7,0,0,26.5,76,Useful,94.7,Yes
L142,-38.503,12.828,32,15.36,11.64,15.89,8.15,17.16,13.53,52.47,29.66,5.44,12.84,8.65,6.36,2.37,10.52,45.7,469.8,92.5,4.6,3.2,41,41.7,Not Useful,86,Yes
L143,-39.538,-3.017,12.04,42.87,11.49,19.42,15.22,5.79,5.4,37.88,25.22,5.77,5.58,9.28,4.36,1.47,1.53,89,448.5,2,20.8,12.3,49.8,70.6,Useful,38,No
L144,1.223,-131.166,24.37,17.86,26.07,5.38,24.36,15.4,11.74,40.39,20.42,8.44,7.82,9.34,7.61,3.12,15.7,28,410.5,51.5,11.7,12.3,47.7,22.7,Not Useful,75,Yes
L145,15.638,-54.086,29.8,80.35,0.87,7.71,20.82,21.78,12.07,44.13,32.95,3.7,9.11,6.8,2.63,1.9,4.02,80,186.2,59.4,15.1,23.2,56.4,67.3,Useful,78.7,Yes
L146,18.206,-176.953,5.72,81.56,22.47,27.55,7.13,6.44,2.66,46.45,34.12,8.78,14.71,6.5,5.19,2.04,5.52,67.8,383.8,0.9,27.8,12.4,56.2,56.1,Not Useful,32.1,No
L147,-36.274,-141.082,8.83,74.41,9.16,38.68,16.07,8.21,4.49,41.97,16.3,4.17,15.16,8.35,4.08,1.53,3.1,82.4,421.6,37.4,11.4,9,42,69.6,Useful,37.2,No
L148,-14.658,-40.221,2.23,89.07,19.22,34.46,6.53,8.12,3.53,40.98,13.75,7.67,18.5,8.94,4.23,1.87,5.1,80.5,360.6,65.5,24.2,19.9,70.9,61,Useful,29.6,No
L149,-57.048,64.696,1.24,66.65,17.16,7.6,18.16,2.78,2.07,50.7,32.66,6.79,12.61,7.02,2.55,1.95,4.45,84.5,64,25.9,22.9,4.2,38.3,70.4,Useful,15.4,No
L150,-80.269,127.526,11.75,17.14,10.66,29.77,7.68,13.17,5.46,40.21,17.35,6.39,12.06,6.58,4.41,1.94,3.01,86.6,250.2,86.7,13,25.7,63.6,65.7,Useful,45.6,No
L151,-74.153,41.213,4.81,26.02,12.28,22.78,22.67,6.74,2.78,49.31,29.47,4.89,14.47,7.39,7.92,2.91,17,17.7,84.3,76.4,4.4,21.1,42.2,22.4,Not Useful,26,No
L152,58.292,-72.647,22.17,42.27,28.96,15.33,0.94,11.97,9.54,35.28,18.06,9.96,7.86,9.07,4.11,1.95,7,67.5,64.5,38.4,3.9,1.8,15.9,60.2,Useful,69.5,Yes
L153,27.097,-166.549,10.18,68.23,17.89,13.51,22.2,14.54,4.9,53.03,18.98,4.52,19.22,9.21,2.23,1.4,1.25,91.8,367,59,21.7,28.3,74.4,73.9,Useful,43.3,No
L154,19.014,-130.621,30.68,30.46,16.04,1.94,24.87,20.43,13.62,35.39,27.24,5.29,10.7,9.08,5.44,2.14,8.59,56.5,150.6,66.2,4.7,0,23.4,51,Not Useful,85.9,Yes
L155,73.238,120.684,29.07,18.39,21.56,4.71,2.85,14.15,11.64,38.99,16.57,6.93,8.03,8.29,3.64,1.77,5.22,69.8,466.6,33.1,19.9,5.3,49.3,62.5,Useful,78.7,Yes
L156,-81.74,126.72,23.42,21.93,2.7,20.47,18.09,11.55,9.67,39.62,34.72,2.02,11.96,7.46,7.98,2.91,15,18.5,156.4,73.9,19.1,14.5,55.5,23.3,Not Useful,61.2,Yes
L157,79.644,-122.618,23.22,23.64,10.73,17.51,15.55,19.23,9.1,51.3,14.57,4.15,19.43,9.5,6.78,3.07,12.92,33.1,398.5,11.3,7.1,1.7,24.3,31,Not Useful,69.4,Yes
L158,48.155,27.594,14.56,57.26,24.07,27.14,4.53,10.35,6.61,35.58,27.11,9.01,19.6,7.95,6.39,3.08,19.07,13.1,130.8,31.4,14.6,5.6,32.7,21.3,Not Useful,53.8,No
L159,66.495,-153.049,19.78,88.23,20.1,13.53,13.08,15.9,7.8,48.23,16.21,5.75,15.14,10.25,4.76,2.69,12.81,42.7,321.7,15.7,17.1,0,33.3,37.8,Not Useful,63,Yes
L160,-73.639,37.513,17.21,29.27,29.1,2.01,5.57,14.18,7.75,39.7,21.48,9.83,11.72,8.29,3.87,1.47,2.66,85.7,51.3,41.2,17.9,19.9,49.2,71.2,Useful,59.1,No
L161,83.598,-74.886,21.67,34.37,15.25,8.27,16.79,19.25,9.32,36.09,15.57,5.32,13.4,9.16,3.8,2.3,7.36,62.7,379.7,22.2,0,20.8,34.5,54.9,Not Useful,67.4,Yes
L162,48.986,-17.818,18.27,66.17,1.37,6.57,3.51,15.39,9.11,37.14,25.27,2,18.95,9.17,5.09,2.9,11.97,39.3,207.2,92.7,23.6,8.6,60.8,34.9,Not Useful,52.8,No
L163,86.31,149.728,23.05,86.5,4.04,19.95,13.26,10.86,11.56,51.78,22.07,3.35,18.82,6.81,6.58,3.18,15.3,25.1,300.3,88.3,0.1,4.7,31.1,27.5,Not Useful,62.9,Yes
L164,86.64,54.031,26.68,31.89,28.91,38.82,11.32,13.34,11.38,49,28.71,7.28,15.52,8.83,2.88,2.01,4.22,83.2,312.1,29.1,1.3,17.3,32.3,68.4,Useful,84.4,Yes
L165,45.033,-122.063,33.54,50.31,20.83,12.9,2.89,18.62,14.19,46.41,26.68,6.25,16.22,9.53,3.78,2,2.84,81.5,12.6,14.5,5.4,0,9.8,68.8,Useful,93.5,Yes
L166,-20.24,164.413,10.03,30.04,25.18,27.62,7.38,12.05,3.91,51.28,12.56,9.38,16.09,7.25,4.16,1.71,3.67,86.5,399.4,28.8,8.6,0.4,28.4,71.4,Useful,45.8,No
L167,-56.344,-117.434,34.15,35.01,16.56,0.52,6.28,21.57,15,52.4,30.75,7.87,15.57,8.71,5.33,2.18,8.01,65,482.1,29.4,13.3,18.6,53.1,51.7,Not Useful,93.5,Yes
L168,-32.785,-100.814,17.98,40.18,12.86,22.26,3.25,13.93,7.6,41.61,27.74,3.35,7.31,8.76,6.86,3.14,11.75,32.3,245.3,57.3,9.2,33.6,60.1,29,Not Useful,57.3,No
L169,20.466,43.607,6.44,15.45,15.15,16.64,13.43,3.82,3.11,39.27,18.3,4.83,8.28,9.59,5.27,2.23,5.07,75.3,4.4,66.9,1.7,27.3,40,57.4,Not Useful,26.2,No
L170,6.835,-177.361,33.56,64.6,9.63,36.64,23.62,18.96,14.37,40.66,32.78,6.04,10.62,9.89,3.13,1.59,4.13,78.2,256.9,94.8,17.9,26.7,72.2,63.2,Useful,94.4,Yes
L171,13.493,-98.048,2.29,63.63,23.21,34.6,10.61,2.07,2.48,49.05,34.41,8.52,14.7,8.14,2.61,1.3,2.19,94,43.8,5.4,20.8,7.7,34.3,79.2,Useful,25,No
L172,-18.88,57.86,9.05,41.04,18.91,17.32,0.42,10.81,5.04,47.83,25.46,7.56,13.78,6.72,5.07,2.3,4.27,70.1,150.7,8.7,18.8,9.3,37.2,59.1,Not Useful,40,No
L173,80.456,-70.311,16.59,52.68,4.09,15.64,19.94,12.92,9.18,37.88,26.93,5.39,16.93,8.51,4.34,2.25,4.91,72.9,61.6,0.5,9.8,12.9,25.4,61.8,Useful,51.4,No
L174,-72.324,81.212,26.19,82.28,10.32,16.51,16.15,16.91,10.44,39.42,30.87,3.03,7.72,10.03,5.15,2.08,5.81,78,230.6,55,7.2,8.6,34.4,58.4,Not Useful,73.1,Yes
L175,-11.498,122.44,17.05,36.47,3.85,26.22,2.5,13.87,9.18,41.36,21.27,3.85,9.59,7.57,4.83,2.22,8.58,58.4,2.4,24.6,20.3,36.1,61.9,50.9,Not Useful,55,No
L176,14.74,-34.152,4.7,68.64,26.34,18.51,8.97,5.17,3.44,38.52,25.17,9.48,17.88,9.85,6.41,3.15,17.35,14,37.7,1.9,16,19.9,38.6,19.1,Not Useful,30.3,No
L177,-60.148,5.089,20.65,82.5,16.55,21.74,24.97,14.01,10.17,42.32,15.58,7.17,16,7.89,6.33,2.83,12.91,34.7,331.3,84.8,11.8,0,41.1,34.7,Not Useful,65.9,Yes
L178,-31.667,73.345,15.62,24.33,28.46,26.38,24.19,14.39,7.39,42.18,15.47,8.13,5.94,9.93,5.6,2.5,9.89,41.4,234.8,45.5,29.5,13.1,63.3,37.3,Not Useful,61.4,Yes
L179,-64.986,-120.382,18.25,76.37,25.05,10.53,13.61,9.95,8.9,42.31,26.33,9.19,12.75,7.71,7.08,2.77,14.1,37.6,243.4,48.2,10.5,12.8,41.1,33.6,Not Useful,58.7,No
L180,-82.946,26.017,2.7,61.48,6.35,7.48,9.06,8.39,1.38,39.61,30.28,4.87,12.22,9.63,4.4,2.33,9.27,47.9,21.6,57.3,24,32,69.6,43,Not Useful,16.9,No
L181,28.737,-84.773,1.96,30.66,5.4,38.33,14.98,6.52,0.8,49.39,26.54,2.5,6.29,6.98,6.58,2.82,12.99,44.9,300.4,79.5,20.2,14.3,62,35,Not Useful,19.5,No
L182,-66.541,37.251,25.35,37.41,13.6,23.62,5.75,15.26,9.96,39.05,31.49,5.24,11.3,8.76,5.84,3.08,13.84,22.7,391.9,50.3,14.8,12.7,51,27.2,Not Useful,72.7,Yes
L183,64.63,-78.024,28.96,81.76,23.25,25.97,13.05,16.74,11.14,45.6,15.74,8.66,16.84,9.35,6.39,2.8,11.88,42.4,48.9,13.4,2.2,6,12.3,38.6,Not Useful,85.2,Yes
L184,45.895,-31.238,30.69,42.69,5.67,28.37,19.74,19.59,12.01,35.14,26.36,4.57,9.74,7.31,6.87,2.78,10.46,40.8,211.8,36.6,6.1,19.9,38.9,38.8,Not Useful,84.4,Yes
L185,37.222,-122.134,27.43,48.6,11.11,22.2,6.34,15.41,11.46,49.11,28.39,6.5,14.89,6.95,3.45,2.08,5.07,73.6,200.3,33.8,0,0.2,12.9,66.4,Useful,76.4,Yes
L186,-53.693,56.478,33.76,10.42,2.73,5.81,23.15,19.55,13.02,39.44,12,2,10.76,9.15,3.29,1.53,1.72,93.7,472.9,82,2.5,0,33.6,75.4,Useful,84.1,Yes
L187,-38.791,118.715,28.14,32.88,1.01,23.98,12.9,14.98,11.2,35.72,15.98,2,7.36,7.88,3.2,1.41,2.17,94.7,258.9,73.7,11.2,6.8,42,77.4,Useful,72.9,Yes
L188,83.89,22.741,32.03,37.85,28.9,11.06,15.16,16.36,14.96,46.5,16.53,7.82,6.6,9.51,8,3.5,15.95,16.2,438.1,81.3,0,0,29.4,17.6,Not Useful,93.4,Yes
L189,31.266,115.587,26.95,70.6,28.84,18.35,11.52,18,10.32,37.33,11.69,8.94,19.91,10.12,4.54,1.99,5.41,67.5,4.9,83.2,8,9.4,34.9,57.1,Not Useful,83,Yes
L190,31.646,58.833,2.66,84.51,14.3,14.14,22.36,3.89,3.85,48.66,32.75,5.35,7.99,7.11,3.54,1.79,6.78,73.5,309.3,15.6,32.1,34,81.5,59.6,Not Useful,20.8,No
L191,0.446,-38.262,21.48,71.14,16.24,1.69,12.06,15.87,9.64,54.71,32.42,7.59,12.36,7.19,3.24,1.39,2.93,93.7,27.1,79.9,0,6.7,22.8,78.4,Useful,63.7,Yes
L192,-22.984,127.557,24.02,23.98,29.3,27.93,11.5,17.7,9.16,39.22,24.53,7.49,14.19,8.19,6.75,2.73,13.78,32.1,183,49.9,11.1,20.1,46.8,31.8,Not Useful,79.3,Yes
L193,51.36,-71.988,9.79,24.39,3.93,23.04,5.71,5.4,4.53,39.72,20.81,2.69,7.19,7.01,2.92,1.65,0,95.9,497.8,84.9,5.3,18.3,54.7,77.6,Useful,30.9,No
L194,26.844,-117.166,19.67,55.43,11.95,27.62,1.5,16.99,8.91,47.6,21.25,4.06,10.41,6.5,4.1,2.17,10.2,57.6,433.7,96.3,11.3,17.4,61.5,49.2,Not Useful,64.7,Yes
L195,-37.556,-83.71,27.31,38.41,20.2,19.5,18.41,21.19,11.52,40.73,25.79,4.76,7.51,8.59,4.75,1.93,3.62,78.7,35.7,16.2,9,13.6,27.3,65.5,Useful,84.4,Yes
L196,-85.254,-37.075,22.56,31.7,13.35,34.51,9.08,16.02,11.47,43.28,14.6,2.78,15.92,6.62,3.74,2.25,8.51,66.3,51.5,6.4,15.3,0,21.2,57.9,Not Useful,73.3,Yes
L197,-9.928,169.035,26.77,16.66,7.87,6.21,16.37,20.9,11.1,39.95,17.1,4.71,6.97,9.74,3.3,1.89,1.86,81.3,238.1,97.5,1.8,3,31.5,68.6,Useful,74.9,Yes
L198,-5.544,-177.006,24.42,24.16,17.93,25.24,15.9,16.63,10.85,47.79,17.74,5.32,13.1,7.34,3.4,1.78,4.09,78.4,0,81.5,12.2,0,31,69.5,Useful,75.8,Yes
L199,73.792,110.727,32.27,85.76,14.31,0.37,10.76,17.45,12.96,35.14,19.34,4.92,13.41,7.86,5.53,2.77,9.94,43.6,131.5,42.2,8.9,22,42.8,42,Not Useful,83.8,Yes
L200,40.879,-96.188,23.96,32.77,22.29,32.35,10.32,19.32,9.65,40.79,25.92,7.55,9.08,6.5,4.84,1.91,6.16,62.9,93,10.2,6.5,20.7,31.3,57.9,Not Useful,79.1,Yes
L201,48.266,-90.374,5.27,49.49,10.26,12.46,19.99,12.35,3.4,50.83,18.26,6.27,19.27,8.18,7.17,3.22,19.98,5.6,420.8,81.7,19.9,15.5,66.8,12,Not Useful,29.1,No
L202,65.458,-101.596,26.99,45.44,22.13,1.34,11.52,19.86,11.82,54.64,21.82,7.83,9.68,10.05,6.22,2.49,13.02,37.5,126.7,63.9,13.3,24.8,54.9,32.6,Not Useful,80.2,Yes
L203,-79.24,52.047,3.95,60.63,9.74,6.69,6.9,2.98,3.87,35.18,11.05,5.86,12.13,6.93,3.92,2.03,7.56,59.6,309.3,93.1,29.2,19.7,80.7,52.4,Not Useful,18.5,No
L204,-27.42,83.665,24.55,73.32,3.77,9.31,24.54,18.93,11.6,51.11,20.97,2,15.34,8.24,5.85,2.94,10.45,40.4,147.4,69.7,9.9,11,40.1,38.7,Not Useful,69.6,Yes
L205,-20.252,8.665,9.64,76.51,27.43,22.18,1.72,5.89,4.55,40.27,19.18,5.49,14.57,9.73,6.83,2.47,11.16,37.9,119.4,72.1,12.6,9.6,41.7,35.4,Not Useful,40.7,No
L206,-24.056,38.143,17.41,54.12,18.39,12.9,16.02,8.94,8.19,36.33,30.88,4.33,18.1,8.58,7.97,2.91,15.9,20.2,329,52.6,16.1,12.7,51.2,21.7,Not Useful,53.4,No
L207,-72.519,81.062,2.48,84.42,6.26,19.66,22.24,2,3.35,36.21,23.95,5.94,11.24,7.36,5.05,2.97,13.45,36.9,35.2,30.4,37.1,11.3,61.9,34.7,Not Useful,16.2,No
L208,-10.258,-53.163,18.61,25.16,15.79,9.95,15.63,10.16,9.32,43.3,12.64,6.35,10.37,6.97,4.9,2.81,11.49,45.9,200.8,33.8,33.7,50.1,98.3,36.3,Not Useful,55.9,No
L209,88.814,-71.337,11.03,89.32,9.74,14.87,19.1,9.27,6.37,47.17,24.08,3.02,16.49,8.09,2.85,1.82,0.49,92.6,363.2,98.3,10,13.2,54.4,75.1,Useful,38.9,No
L210,75.219,84.336,10.51,27.75,25.67,0.87,20.55,11.63,4.82,46.07,23.91,9.76,7.32,7.77,8,3.3,18.67,3.8,116.5,81.1,24.8,25.5,72.4,10.9,Not Useful,41.9,No
L211,27.5,36.829,25.33,73.43,5.19,33.03,17.24,17.16,12.35,46.9,17.51,4.69,13.64,7.69,8,3.39,14.89,16.7,208.3,86.8,11.9,0,37.9,21.6,Not Useful,75.7,Yes
L212,12.859,-162.248,0.4,72.19,11.47,12.19,1.03,5.58,0.6,45.05,15.52,2.55,15.97,8.32,5.37,2.78,11.92,39.3,144.9,39.4,20.2,23.1,57.3,36.8,Not Useful,13.3,No
L213,-27.305,-64.534,13.97,16.81,15.05,30.95,3.26,7.64,6.99,44.76,26.31,3.99,14.24,9.41,3.72,1.71,4.27,73.6,462.1,9,14,10.7,42.2,63.7,Useful,48.2,No
L214,-87.528,69.766,20.79,11.94,9.14,39.51,15.41,19.26,9.23,37.92,11.12,5.92,8,6.75,4.82,2.88,12.68,41.8,474.5,92.7,18.1,0,54.4,37.7,Not Useful,69.9,Yes
L215,-80.445,55.713,3.89,46,0.68,8.36,13.45,3.79,3.05,40.17,22.08,3.79,7.12,8.95,3.23,2.1,4.1,69.9,85.2,28.4,20.7,6.5,39,62.5,Useful,14.7,No
L216,-86.132,-90.939,0.29,41.09,8.14,34.08,16.5,8.77,0.2,52.35,26.24,2.78,10.71,9.77,2.9,1.32,0,97.7,93.2,50.1,0.4,26,36.6,78.9,Useful,18.5,No
L217,28.248,-148.394,18.53,36.69,11.8,6.28,8.67,11.86,8.92,39.72,34.46,4.87,17.18,9.56,3.6,2.44,9,62.6,277.5,28,27.9,37.4,81,47.5,Not Useful,54.3,No
L218,89.223,171.28,13.38,86.85,18.37,25.02,5.69,8.42,5.54,54.41,32.74,5.32,13.13,9.5,8,3.17,14.42,20.7,154.5,70.5,13.7,19.2,52.5,20.1,Not Useful,46.3,No
L219,-70.781,-113.491,5.08,84.64,27.51,12.7,13.93,11.77,2.29,41.35,31.99,9.14,16.48,8.07,4.44,1.59,2.05,88,447.1,93.3,15.9,37.2,84.7,67.5,Useful,34.2,No
L220,-87.297,-82.851,26.69,58.96,8.01,22.68,5.77,14.33,12.2,42.19,27.2,3.98,12.53,9.71,4.82,2.16,8.57,61.4,68.8,19.3,21.3,8.4,39.1,50.9,Not Useful,74.2,Yes
L221,4.541,135.282,14.46,69.39,29.65,30.31,1.65,15.78,8.45,52.34,22.25,7.55,11.86,9.24,6.23,2.64,13.42,31,156.4,61.2,7.5,0,25.9,33.6,Not Useful,63.5,Yes
L222,-80.182,6.109,27.54,51.65,13.55,33.08,1.06,22.35,12.02,42.91,28.38,5.5,12.74,7.89,4.23,2.06,5.48,63.6,413.8,46.1,0,11.5,31.9,60.1,Useful,86.4,Yes
L223,39.307,-135.524,4.98,76.39,13.55,28.91,2.83,10.03,4.71,48.92,13.38,4.78,11.76,7.11,7.14,3.33,16.78,17.9,125,69.2,29.9,10.2,62.6,19.2,Not Useful,33.2,No
L224,48.353,-19.347,4,45.95,10.89,20.95,9.6,9.71,3.05,54,19.47,4.08,16.52,6.9,4.1,1.67,2.02,91.2,89.4,71.2,12,24.2,53,71.8,Useful,26.6,No
L225,10.359,117.091,21.93,19.4,3.95,8.11,15.56,12.4,9.71,52.11,23.59,2,18.24,7.94,5.88,3.06,15.6,23.8,300.1,24.5,7.4,15.9,37.1,28.6,Not Useful,57.8,No
L226,77.666,-146.475,1.71,21.86,19.6,1.47,21.35,7.44,3.16,40.97,33.01,4.16,11.25,9.07,7.5,3.27,17.12,17.8,393.7,17.7,7.9,23.6,46.1,18.3,Not Useful,21.1,No
L227,78.101,175.06,10.48,39.49,11.37,2.71,10.68,10.22,4.86,37.69,27.37,3.65,12.91,6.74,5.91,2.5,10.29,52.5,314.5,98.7,5.8,21.6,55.6,43.2,Not Useful,35.2,No
L228,53.922,179.635,10.05,58.71,9.49,21.02,24.88,8.06,4.21,46.25,22.99,5.06,12.39,10.22,6,3.33,16.84,18,12,62.5,29.5,33.1,78,16,Not Useful,35,No
L229,31.045,149.819,14.49,36.7,16.81,25.5,0.28,8.53,6.35,50.8,17.69,5.9,9.86,9.2,8,3.49,20,0.6,14.6,17.6,14.5,27.9,46.5,7.8,Not Useful,48.5,No
L230,84.53,-79.034,27.9,61.65,14.44,25.09,22.3,17.93,11.61,50.68,20.35,6.6,17.53,8.44,5.55,2.7,13.81,35.4,342.7,80,13.7,0,42.7,35.1,Not Useful,81.4,Yes
L231,51.29,100.005,1.09,88.69,18.8,33.7,14.27,4.39,2.2,52.29,28.79,7.29,9.72,7.25,7.95,3.5,19.02,3.2,475.4,21.6,16.7,24.6,60.8,10.5,Not Useful,22.8,No
L232,-89.26,155.641,31.97,45.5,0.75,19.31,12.5,16.29,14.92,49.65,23.09,4.03,7.15,9.01,2.66,1.99,4.47,84.1,362.3,45.9,5.8,0,27,69.2,Useful,83.2,Yes
L233,22.13,5.062,24.05,57.54,2.61,18.68,1.15,16.03,11.11,41.25,24.44,2.08,18.38,7.58,6.03,2.64,11.32,37.3,58.8,14.9,7.8,6.7,20.2,41.3,Not Useful,67.3,Yes
L234,60.511,71.772,7.23,38.03,9.55,5.66,17.61,6.09,3.48,36.42,25.33,3.6,11.65,6.72,6.41,3.42,17.28,13,213.2,17.9,9.2,12.4,32.1,20.6,Not Useful,25.1,No
L235,21.05,148.63,21.57,35,24.52,28.52,16.77,15.04,11.12,50.11,21.64,5.56,17.19,9.04,3.88,1.61,2.24,88.2,232.7,23.2,10.6,24.6,46.5,70.5,Useful,74,Yes
L236,5.894,-35.706,13.72,65.97,19.96,31.55,22.06,10.71,5.31,44.51,18.79,6.3,7.56,6.71,4.78,1.67,5.06,76.8,398.4,32.6,9.6,5.7,35.1,64.7,Useful,50.5,No
L237,9.916,115.928,14.47,59.67,16.44,38.96,9.6,9.92,7.94,46.82,29.61,5.46,16.81,6.61,6.3,2.49,8.05,54.5,287.1,48.7,10.5,13.9,43.5,46.4,Not Useful,54.3,No
L238,-54.78,65.346,6.17,86.47,2.09,4.35,20.35,10.49,3.48,44.89,26.5,2,17.26,6.5,2.44,1.71,3.87,88.7,74.6,53.1,9.9,28.4,50.3,71.7,Useful,23.9,No
L239,65.025,131.645,11.08,55.62,27.4,12.18,23.58,9.33,7.16,41.89,12.23,5.52,19.8,7.78,6.13,2.58,10.43,40.4,26.6,70.3,21.2,11.5,50.7,39.9,Not Useful,46.8,No
L240,-2.394,-22.775,8.23,66.18,11.83,12.73,9.57,7.52,4.76,48.25,21.87,3.31,10.77,10.29,3.54,1.34,2.87,92.4,67.1,7.2,30.7,21.6,59.7,70,Useful,31.8,No
L241,8.31,-47.891,34.66,16.77,19.27,16.63,11.4,23.49,14.98,43.51,14.49,6.4,13.28,8.72,5.76,2.34,9.77,48.3,423.4,23.7,0,4.9,21.8,46.3,Not Useful,100,Yes
L242,53.658,-67.5,34.24,55.45,21.15,4.53,12.04,22.31,13.44,49.63,34.59,9.15,16.68,6.65,5.43,2.73,8.41,49.5,370.8,96,18,11.7,62.4,43,Not Useful,95.1,Yes
L243,88.266,111.202,1.85,37.48,23.36,18.75,12.82,5.52,2.9,43.42,34.01,8.66,9.34,9.21,8,3.5,20,3.5,30.7,47.3,19.3,22.8,54.1,7.8,Not Useful,24.6,No
L244,65.163,-56.575,21.85,32.95,2.48,20.22,21.29,12.61,8.7,40.62,31.45,2,6.67,8.09,8,3,16.87,17.5,130.6,70.1,3.7,21.7,41.9,21,Not Useful,58.5,No
L245,45.437,11.707,2.95,21.61,28.02,6.17,12.4,11.27,3.43,39.76,21,8.79,8.16,9.32,3.21,2.05,4.69,73.4,83.8,39.9,13.8,35.7,59.2,60.6,Useful,30.9,No
L246,-72.31,55.564,13.29,66.45,14.24,5.81,21.76,6.1,7.83,43.98,26.96,7.66,15.24,10.12,7.85,3.5,20,4.1,459,85.8,14.8,26.8,72.8,4.9,Not Useful,41.4,No
L247,-73.451,157.862,13.69,71.85,22.47,29.37,14.72,8.11,6.21,48.81,14.5,7.23,15.09,6.72,3.49,1.51,1.41,83.2,109.7,28.3,18.6,22.1,51.1,71.9,Useful,50,No
L248,-13.143,145.221,22.98,76.84,28.51,25.52,17.7,11.54,11.3,37.6,26.41,10.2,13.49,7.31,3.04,1.67,3.14,92.2,468.1,63.9,13.7,1.2,44.4,74.5,Useful,74.5,Yes
L249,74.27,77.544,26.95,35.87,4.86,2.96,19.43,15.95,11.24,36.2,33.89,2.3,11.61,7.01,5.35,2.52,11.36,51.8,71.9,76.9,10.3,19.1,47,44.3,Not Useful,69.3,Yes
L250,51.369,14.446,3.62,15.83,17.14,10.02,11.15,10.59,1.82,47.81,33.32,6.75,9,8.36,5.46,2.09,7.62,70,245.3,43.6,25.8,5.5,52,54.6,Not Useful,25.6,No
L251,-20.851,-111.239,0.12,86.33,24.54,19.28,14.18,9.4,1.12,48.64,20.02,8.07,19.38,6.62,7.65,3.5,18.33,9.1,383.3,64.8,19,22.5,67.5,11.8,Not Useful,23.6,No
L252,-79.91,103.6,24.36,81.72,18.92,14.37,2.12,17.29,11.46,37.8,14.83,7.38,13.89,7.53,5.47,2.48,7.94,51.6,417.1,44.9,10.2,4.9,38.2,49.3,Not Useful,75.1,Yes
L253,-34.679,105.731,1.5,19.45,24.21,26.69,11.46,7.46,3.19,37.98,24.48,9.47,5.55,9.97,6.33,3.27,17.78,14.2,350.6,13.1,19.2,22.8,56.7,16.1,Not Useful,28,No
L254,16.755,-59.219,15.97,23.66,17.73,32.71,2.66,12.16,8.46,39.41,30.11,5.68,17.17,10.2,2.98,1.31,1.07,98.2,68.7,83.6,21.6,3.6,48,76,Useful,58.2,No
L255,55.334,98.123,4.23,21.3,12.45,27.85,13.84,6.29,4.38,35.81,12.5,6.73,14.19,6.5,3.13,1.86,2.51,77.8,44.6,65.2,24.3,13.2,55.4,67.1,Useful,27.9,No
L256,47.003,14.3,24.23,26.49,19.19,20.92,10.3,20.29,11.04,35.75,14.5,6.34,19.25,6.5,4.07,2.1,8.47,63.3,58.8,53,14.3,10.4,38.8,55.3,Not Useful,78.4,Yes
L257,76.475,-116.68,7.67,71.63,19.78,11.06,4.84,11.42,4.97,54.37,21.86,4.84,15.05,8.04,7.6,3.38,19.72,4.3,402.6,75.8,30.7,24.4,86,8.5,Not Useful,37.5,No
L258,-63.911,154.039,27.49,48.8,3.48,35.8,18.04,18.3,11.42,38.98,26.92,2.32,16.68,9.78,5.84,2.9,10.85,37.7,110.3,47.1,0,7.1,19.1,37.2,Not Useful,78.5,Yes
L259,-59.412,169.249,15.92,40.99,4.09,28.79,15.8,16.92,6.66,37.54,27.31,2,7.05,7.67,4.48,1.51,2.8,85.2,301.8,79,10.9,9.5,46.5,70.8,Useful,53.4,No
L260,-5.283,96.698,29.93,16.92,25.71,19.57,24.89,19.38,13.88,40.58,28.25,8.82,8.7,8.67,5.27,2.99,12.75,37.8,286.9,0.5,10.3,4.6,25.2,37.1,Not Useful,91.9,Yes
L261,-85.606,-16.257,1.18,52.49,14.38,31.92,20.53,5.05,1.17,46.17,10.31,6.53,19.25,6.66,7.46,3.39,16.53,13.3,152.4,70.3,26.3,7.1,56.6,17,Not Useful,20,No
L262,42.437,-160.268,27.01,79.94,12.16,31.59,9.26,16.8,12.17,52.21,11.77,6.9,9.99,10.08,7.65,3.18,17.15,12.8,397.2,78.8,22.4,15,68.1,13.1,Not Useful,80.3,Yes
L263,44.103,-98.843,33.09,63.97,26.64,4.44,9.14,21.08,13.67,38.51,23.97,5.66,15.64,6.75,6.67,2.83,16.44,27.4,469.6,58,13.3,3.3,44.6,27.4,Not Useful,94.9,Yes
L264,-7.583,-151.139,12.34,31.39,20.41,11.09,1.58,9.01,6.15,45.53,13.07,7.63,15.17,9.5,6.4,2.49,8.51,53.3,404.4,94.1,33.5,28.5,96.7,38.2,Not Useful,44,No
L265,-48.181,161.082,31.43,33.07,28.7,4.37,6.9,21.11,13.43,52.5,23.02,8.88,9.4,7.69,2.98,1.33,1.68,92.4,322.3,29.2,23,12.8,54.6,77.1,Useful,93.1,Yes
L266,-60.055,152.687,22.56,42.94,10.28,25.84,8.16,16.09,10.66,51.84,21.13,3.58,6.98,8.24,5.14,1.74,3.27,77.1,384.9,4.7,2.7,13.8,28.1,66.2,Useful,69.3,Yes
L267,-35.719,151.356,24.91,32.82,29.2,33.57,17.32,17.87,9.93,39.76,11.03,7.42,6.9,6.5,6.01,2.92,12.31,32.1,171.9,37.3,3.4,3.5,19.8,35.7,Not Useful,82.8,Yes
L268,41.695,144.063,14.16,49.95,4.36,18.32,8.01,6.41,7.6,54.51,18.28,4.4,12.11,8.59,5.76,3.24,15.98,29,282.6,90.7,6.6,25.4,57.4,25.8,Not Useful,41.1,No
L269,-32.804,37.828,4.88,54.08,9.24,16.07,21.02,6.66,2.13,36.1,26.03,4.77,8.33,8.45,2.92,1.23,0.4,93.6,335.8,8.7,12.8,19.5,44.7,79.1,Useful,22.5,No
L270,71.357,-129.756,33.02,82.68,10.83,5.92,21.35,18.55,13.67,40.69,18.78,7.05,18.11,10.27,8,3.18,17.42,17.4,144.3,80.6,16.3,3.1,42.7,15.8,Not Useful,86.4,Yes
L271,-82.398,117.449,20.55,16.89,6.23,18.98,21.69,19.11,8.01,54.2,28.9,2,11.14,9.14,4.01,1.68,2.11,87.7,68.5,18.6,0.5,13.6,18.6,72.5,Useful,62.5,Yes
L272,44.202,29.184,29.21,34.31,16.78,18.54,0.67,13.17,11.89,54.12,30.86,5.72,14.81,9.05,2.84,1.69,2.49,85.9,59.7,27.7,11,4.9,24.9,73.2,Useful,79.3,Yes
L273,5.33,157.074,19.8,79.47,18.84,19.04,17.36,10.1,9.06,46.51,31.13,4.58,5.88,6.95,5.62,2.56,14.08,37.2,209.8,91.2,3.9,11.5,39.6,37.1,Not Useful,60.4,Yes
L274,73.942,-143.13,17.99,71.32,5.5,3.78,18.82,13.53,9.45,51.54,27.12,2.6,15.28,9.59,3.21,2.12,4.62,68.8,259.1,37.3,10.7,20.9,46.9,59.7,Not Useful,52.4,No
L275,17.577,94.892,5.41,27.69,5.65,35.88,15.34,10.75,3.63,45.64,23.78,4.91,6.71,9.99,5.64,2.77,9.1,46,155.8,36.3,24.9,0.8,42.5,39.9,Not Useful,31.2,No
L276,-79.332,-137.188,11.97,66.79,0.86,32.58,5.56,13.96,4.98,39.53,13.13,2,6.18,9.4,5.06,1.81,7.32,69.1,21.3,10.8,20.6,8.4,35.1,56.9,Not Useful,42.5,No
L277,-72.161,28.128,8.86,15.3,20.03,30.18,19.56,13.19,3.98,53.02,14.62,5.76,6.36,7.69,2.7,1.99,4.85,84.6,250.3,72.9,18.5,33,74,66.4,Useful,43.5,No
L278,-69.688,174.461,0.49,27.36,5.75,11.27,22.54,5.59,3.11,36.97,15.35,3.67,15.62,10.13,5.42,2.75,13.03,36.6,177.4,38,19.3,27,60.4,31.7,Not Useful,14,No
L279,-4.378,64.487,4.33,18.83,4.08,30.49,17.62,7.52,1.77,41.56,12.89,2.23,14.01,8.52,5.99,2.87,15.66,31.2,427.7,18.9,31.9,28.1,80.2,26.3,Not Useful,22.8,No
L280,40.536,-79.733,6.28,89.9,14.75,4.21,10.95,9.41,2.64,37.87,20.02,5.9,6.53,10.2,2.71,1.28,3.41,92.5,297.5,99.1,28.9,33.3,93.4,68.1,Useful,27.3,No
L281,32.059,169.946,24.97,56.55,8.19,31.58,16.1,15.24,10.92,47.06,20.11,4.06,9.18,8.29,4.39,1.78,3.38,75.3,67.3,10,10.8,6.2,22.6,67.2,Useful,72.8,Yes
L282,-20.947,-66.759,13.39,64.34,4.58,24.88,2.41,6.79,7.34,50.35,29.82,2,14.93,9.74,5.64,2.42,9.24,49,476.3,3.2,1.9,29.4,43.7,43,Not Useful,41.5,No
L283,-0.956,169.513,13.17,46.77,0.99,22.27,21.51,8.96,7.12,44.83,13.36,3.78,12.31,9.04,7.82,3.45,18.51,10.9,238,85.4,10,19.6,53.9,12.4,Not Useful,40.6,No
L284,73.87,-156.42,21.59,38.22,29.33,12.82,0.7,10.17,10.72,41.98,28.55,6,18.37,7.73,5.71,2.64,10.59,39,330.6,24.8,1.6,0,16.8,43.3,Not Useful,68.3,Yes
L285,47.683,-57.766,10.67,37.01,0.59,13.04,11.52,13.44,5.76,53.03,16.67,3.6,13.82,8.59,3.54,1.34,0,98.6,50,67.5,13.1,30.1,57.9,77.6,Useful,36.9,No
L286,-4.452,-104.494,21.52,39.07,13.08,19.88,21.18,17.56,10.7,45.72,17.18,2.85,19.94,6.67,6.66,2.76,10.07,44.2,47.4,33.7,21.1,12.4,44.6,39.1,Not Useful,69,Yes
L287,78.689,11.779,27.85,62.12,9.06,32.17,10.82,17.93,11.18,43.05,25.62,4.08,16.45,9.75,7.03,3.16,13,25.4,106.5,96.2,7.6,0,31.5,26.5,Not Useful,80,Yes
L288,18.222,-33.888,21.5,71.53,13.01,22.64,15.67,14.9,9.26,37.95,13.76,6.03,9.5,6.56,4.9,2.75,9.87,47,206.2,82.4,4.3,0,27.8,45,Not Useful,65.5,Yes
L289,-74.893,36.576,3.97,25.35,7.37,33.09,11.6,7.39,2.82,47.94,10.93,2.27,7.05,7,7.7,3.12,16.05,25.8,481.9,48.6,33.7,22.5,84.9,20.1,Not Useful,25.4,No
L290,55.204,-61.457,30.35,82.05,12.21,14.54,16.44,14.56,14.36,49.48,13.51,3,16.02,10.1,4.37,1.81,2.23,89.3,125.9,88.5,8.3,10.1,40.5,67.6,Useful,82.5,Yes
L291,-24.66,77.642,20.45,41.2,22.45,9.44,10.57,10.65,8.3,54.4,20.99,5.76,13.84,7.57,5.19,2.72,9.16,51.7,341.4,96.3,21.7,0,55.5,45.4,Not Useful,60.4,Yes
L292,-19.264,172.077,28.75,11.69,29,24.23,21.04,19.56,13.75,48.81,29.72,7,13.29,9.55,5.29,2.71,14.58,36.3,433.5,85.8,0,19.1,47.4,32.7,Not Useful,92.5,Yes
L293,57.643,116.784,8.94,17.22,24.68,9.42,5.26,12.93,6.15,47.63,31.99,8.77,11.09,10.06,7.99,3.5,20,3.4,206.5,84.1,14.7,0,40.6,7.7,Not Useful,43.7,No
L294,59.512,94.739,24.45,50.51,10.56,24.08,20.34,18.38,10.65,35.55,11.3,5.32,14.45,8.81,3.49,1.82,3.1,77.2,41.1,15.8,0,2.3,6.4,70.3,Useful,73.7,Yes
L295,22.793,146.464,29.64,64.86,23.78,12.78,11.96,20.69,12.05,48.75,30.67,8.75,7.98,10.08,6.7,2.82,9.68,45.2,112.2,94.8,18.2,0,44.2,36.5,Not Useful,88.1,Yes
L296,50.782,-76.334,34.09,25.86,21.04,6.75,10.03,19.63,13.74,36.78,19.2,8.94,6.76,8.11,4.74,2.27,5.52,71.1,59.3,71.4,13.8,23.5,53.8,57.5,Not Useful,93.4,Yes
L297,34.744,67.267,17.3,20.42,25.69,24,24.88,10.61,8.6,43.37,20.21,5.87,9.35,7.78,6.92,3.13,14.02,32.3,229.1,1,12.7,11.6,32.8,31.1,Not Useful,60.5,Yes
L298,84.25,21.442,24.97,66.68,22.08,10.25,2.38,11.82,10.49,39.7,32.71,9.4,19.09,6.5,2.51,1.7,1.95,92.2,309.8,30.3,1.9,10.9,27.5,76.9,Useful,70.7,Yes
L299,-42.524,-67.316,20.32,30.82,15.11,37.21,21.95,10.46,8.67,45.61,13.54,3.61,5.66,9.29,8,3.34,17.31,20.9,141.5,87.7,0,0,21.8,19.7,Not Useful,63.2,Yes
L300,-2.664,-2.524,31.24,35.24,29.84,30.55,3.78,22.59,13.84,50.96,11.33,6.71,8.45,8.05,8,3.43,16.43,13,463.6,4.1,0.2,17.3,30.6,18.9,Not Useful,100,Yes
L301,-85.327,65.272,29.6,79.35,3.71,3.74,21.7,15.13,11.75,45.17,16.82,5.2,13.79,8.58,4.73,2.29,9.97,59.6,38.4,76.8,0.6,0,17.2,52.4,Not Useful,72.8,Yes
L302,12.449,-103.908,23.82,41.53,17.71,38.05,20.92,12.26,9.3,51.61,26.49,5.81,19.33,8.92,6.02,2.54,5.92,60.5,162.5,73.2,6,0,26.7,51.4,Not Useful,71.9,Yes
L303,-12.175,110.287,1.7,61.49,9.7,2.22,1.77,10.29,1.79,42.98,14.45,6.76,17.98,9.42,7.22,3.2,19.63,8.9,376.3,65.4,24.8,28,79.3,10.1,Not Useful,17.8,No
L304,33.523,-124.175,10.85,64.8,3.94,26.62,20.8,10.01,5.59,52.71,21.91,3.6,11.35,8.04,3.86,1.99,6.11,75.6,20.2,34.2,12.4,21.6,41.8,62.9,Useful,38.3,No
L305,12.326,-88.783,17.34,60.36,15.74,11.63,10.93,16.87,8.02,37.97,13.19,7.66,17.62,6.61,4.21,2.17,8.72,52.3,53.8,42.5,27.8,28.2,68.8,48.3,Not Useful,58.4,No
L306,44.465,37.459,8.92,16.54,15.1,4.56,16.54,5.81,3.94,42.86,12.08,7.4,9.46,8.8,4.4,2.4,8.08,58.7,483.4,87.1,20,25.9,79.2,47.5,Not Useful,30,No
L307,-87.502,-139.711,30.51,18.51,16.03,0.23,2.92,15.45,13.02,48.84,31.72,8.04,14.03,7.74,5.83,2.74,10.2,51.4,345.1,39.5,6.7,9.9,35.1,44.7,Not Useful,80.4,Yes
L308,15.341,-107.518,0.56,87.64,25.77,8.37,16.22,6.75,1.52,47.52,29.75,6.11,9.51,6.96,4.81,2.28,10.63,46.3,351.3,96.4,2.4,23.5,53.9,44.9,Not Useful,20.8,No
L309,5.096,-28.078,19.93,76.71,1.53,0.31,15.76,16.1,10.51,51.97,28.43,3.28,13.31,8.66,6.91,2.95,14.13,29.1,339.3,81.7,5.4,21.2,52,27.7,Not Useful,56.3,No
L310,-66.391,-74.378,11.05,15.08,26.79,16.69,11.83,9.92,7.02,41.94,27.44,5.46,9.32,7.18,8,3.01,15.53,19.2,169.6,60.2,24.4,7.8,53.4,22.1,Not Useful,47.8,No
L311,-81.531,-173.473,24.9,86.78,24.99,26.92,18.36,19.16,11.86,51.89,25.55,6.41,16.24,8.72,3.55,1.94,5.18,66.7,208,99.4,6.2,11.5,43.9,60.7,Useful,83.1,Yes
L312,30.507,74.306,30.83,38.56,4.76,33.12,22.36,14.19,11.91,43.61,25.44,2,8.36,6.5,7.42,2.8,12.98,31.9,133.7,15.1,4.5,0,12.4,33.8,Not Useful,80.6,Yes
L313,-72.127,52.953,32.43,45.03,13.71,33.66,2.77,15.65,14.16,50.64,33.68,6.86,5.63,9.94,6.34,3.4,16.73,19,146.1,44.2,0,4.4,17.2,21.8,Not Useful,90.8,Yes
L314,-15.586,-32.649,11.71,21.02,25.46,17.56,10.39,12.96,5.19,51.18,18.53,7.62,6.28,8.96,5.31,2.69,13.57,37.2,376.8,42.2,20,37.8,77.7,32.1,Not Useful,48.6,No
L315,38.407,57.73,16.06,78.19,23.84,14.47,0.74,8.68,6.13,51.12,33.59,5.19,9.72,9.34,3.2,1.15,0,98.2,320.7,90.3,28.6,25,84.5,75.4,Useful,51.3,No
L316,50.681,-34.378,18.19,33.66,12.06,27.23,13.84,11.23,9.14,53.18,10.2,3.81,12.92,7.12,3.25,1.52,2.39,92,394.2,65.2,12.6,0.2,40.2,75.8,Useful,58,No
L317,87.652,-140.241,6.91,34.12,1.11,13.38,18.13,10.51,3,54.84,17.1,2,13.28,6.5,6.1,2.24,10.6,52.1,296.3,24.1,19.9,4.1,41.3,45,Not Useful,25.8,No
L318,51.262,77.348,2.1,39.84,18.81,14.18,1.19,7.45,1.17,40.96,28.42,6.03,19.74,9.88,4.09,1.85,5.85,80.5,266.6,59.6,14.1,26.6,60.8,60,Useful,21.5,No
L319,-18.939,-85.07,23.54,67.15,15.59,9.91,8.2,16.41,11.41,42.23,12.45,6.68,17.43,8.21,7.17,3.46,14.86,17,184.6,52.6,0,0,16.1,24.3,Not Useful,70.8,Yes
L320,18.288,-32.897,17.46,43.87,13.2,37.24,12.24,17.59,9.11,37.89,13.18,6.2,6.94,7.15,4.3,1.82,7.48,69.9,373.2,94.4,0,23,50.8,59.4,Not Useful,64.8,Yes
L321,-14.836,26.301,4.23,55.74,1.21,6.13,9.29,11.81,2.52,44.72,29.78,2,13.84,7.16,8,3.5,20,4.9,244.4,12.2,8.6,36.5,52.9,10.6,Not Useful,20.9,No
L322,70.208,84.929,19.8,82.02,23.44,19.01,18,14.97,9.81,45.1,21.52,6.94,11.74,8.96,3.38,1.92,2.57,83.6,116.4,39.5,0,0,11.4,71.6,Useful,67.3,Yes
L323,-86.585,103.233,22.61,79.28,21.22,22.88,19.9,17.25,10.27,37.48,23.98,5.21,14.28,7.06,4.91,2.33,6.4,59,448.4,12,12.6,2.5,33.3,54.7,Not Useful,73.8,Yes
L324,-73.867,-69.554,8.59,66.45,26.63,17.77,20.17,9.93,4.47,35.9,31.55,5.44,11.56,7.33,4.98,2.57,13.14,41.5,49.7,16.8,21.8,26,54.4,39.6,Not Useful,41.2,No
L325,-79.086,-12.664,14.25,23.54,18.43,13.01,0.68,7,6.59,41.4,20.32,5.31,10.63,9.31,3.87,1.58,1.93,82.8,246.5,75.2,15,23.3,61.4,67.5,Useful,45.2,No
L326,6.756,-27.449,14.25,48.73,12.22,9.35,22.15,9.1,8.3,48.5,16.16,5.22,16.78,8.84,5.82,2.67,13.53,30.5,484,37.3,31.9,18.4,76.8,29.5,Not Useful,45.8,No
L327,-35.885,-37.69,31.9,46.14,0.03,18.59,20.73,17.25,15,35.01,33.34,2.42,13.97,8.83,3.94,1.7,3.25,81.4,255.2,4.5,7.3,0,17.3,70.1,Useful,83.5,Yes
L328,26.36,-179.263,4.3,21.17,16.69,11.18,10.8,8.04,4.51,41.37,27.05,5.05,8.92,10.23,3.67,1.77,4.76,75.3,229.9,60,30.2,21.5,74.5,58.8,Not Useful,27.9,No
L329,48.234,70.931,16.68,82.12,20.18,16.53,22.38,14.54,8.63,45.76,29.68,7.28,6.16,8.99,7.71,3.5,20,3.1,406.4,82.7,14.9,24.9,69,7.1,Not Useful,59.1,No
L330,-54.704,115.604,0.3,47.02,28.09,17.78,5.54,2,0.96,53.43,18.95,6.07,14.2,8.28,6.22,2.77,14.81,30.3,140.4,90.5,16.5,13.4,54.2,30.1,Not Useful,18.7,No
L331,34.737,11.859,13.86,79.59,17.07,19.76,13.79,12.84,6.97,48.65,24.13,3.74,6.92,7.21,7.95,3.5,17.74,6.5,391.1,19.2,7.1,0,24.1,16.4,Not Useful,50.9,No
L332,-89.071,-109.941,8.85,54.81,13.62,37.52,16.02,13.41,3.52,53.78,20.81,7.7,9.11,9.34,5.43,2.01,6.26,68,112.3,27.8,10.3,25.3,44.1,55,Not Useful,42,No
L333,-28.656,-160.404,2.86,55.75,0.76,29.5,24.45,5.53,1.31,40,14.11,2,14.39,8.67,8,3.5,17.99,9.7,167.2,25,22.6,24.6,59.3,12,Not Useful,16.9,No
L334,31.962,21.333,11.68,73.53,28.31,31.03,15.49,12.9,6.31,46.58,12.14,5.96,5.5,6.81,7.56,2.64,15.13,31.3,221,30.1,15.9,17.4,47.4,29.1,Not Useful,53.9,No
L335,-77.842,104.19,10.32,40.52,2.87,30.08,5.83,10.64,5.9,35.21,19.6,4.55,18.2,9.43,4.7,2.49,6.97,61.9,164.1,19.2,26.6,28.1,66,48.8,Not Useful,38.8,No
L336,-23.611,-177.091,6.78,55.86,19.12,10.25,10.53,10.3,3.91,39.86,29.93,4.13,9.68,7.54,6.79,2.78,13.12,43.6,387.7,14.7,15.4,28.5,58.7,35.4,Not Useful,33.5,No
L337,-14.635,-121.579,20.53,64.26,1.72,20.28,20.88,17.82,9.07,38.91,15.01,4.89,16.78,10.23,6.33,2.85,12.87,39,165.6,57.8,18.8,1.8,40.7,32.1,Not Useful,61.1,Yes
L338,-37.696,-110.015,15.9,73.14,1.27,8.78,0.09,9.39,6.73,47.48,15.98,3.93,19.29,7.04,7.63,2.69,14.33,33.2,181.4,7.4,21.9,20.9,52,30,Not Useful,41.8,No
L339,-35.087,-93.546,20.5,71.24,1.32,1.19,4.95,10.97,10.45,49.38,18.5,3.04,7.68,6.5,8,3.5,20,2.1,189.5,78.7,32.4,35.1,91.8,4.8,Not Useful,52.9,No
L340,6.384,104.252,28.33,62.87,28.23,39.08,24.94,21.57,13.4,36.31,13.61,10.27,16.92,8.7,7.98,2.94,14.25,26.3,122.3,4.6,4.1,0.7,10.2,28.9,Not Useful,95.9,Yes
L341,35.012,77.634,11.47,14.26,23.87,34.91,21.29,14.84,7.02,39.18,12.04,7.13,14.95,8.88,7.91,3.5,18.74,6.5,249.3,46.4,14.6,28.7,60.2,10.1,Not Useful,55.1,No
L342,15.113,-12.509,17.32,31.47,12.03,36.85,14.6,8.16,7.24,39.06,31.58,4.39,9.59,7.8,3.44,1.89,2.51,88.9,67.2,8.4,11,23.2,37.8,72.7,Useful,53.8,No
L343,-53.945,-109.207,21.74,44.09,14.03,16.36,20.11,12.95,9.41,38.59,15.84,6.03,10.39,8.87,8,3.23,17.97,17,463.3,9.8,10,6.2,33.5,18,Not Useful,63.5,Yes
L344,2.276,94.018,11.52,34.22,24.47,27.34,6.86,12.24,7.37,54.97,28.81,8.59,18.69,9.43,7.96,3.5,19.03,0.9,202.9,58,12.9,10.6,42.8,8.8,Not Useful,52.1,No
L345,-66.898,159.607,5.22,41.8,6.81,29.97,11.86,7.51,4.34,50.15,28.06,3.67,16.88,9.09,5.78,3.07,12.49,31.3,225,55.8,10.6,29.3,57,30.2,Not Useful,28.4,No
L346,86.431,-106.486,0.34,74.83,25.03,13.59,10.48,7.01,1.34,50.57,23.44,6.64,5.35,10.11,3.46,1.65,5.98,78.5,314.9,60.3,5.5,7.4,34.8,63.8,Useful,21.3,No
L347,-79.658,6.671,13.67,52.76,5.65,4.35,14.24,10.67,7.88,36.86,12.61,3.89,5.48,6.58,5.58,1.88,6.17,68.9,141.9,23.3,16.4,16.8,43.7,57.4,Not Useful,41.9,No
L348,-40.421,-177.32,6.01,78.78,12.33,6.28,2.77,8.07,3.72,36.38,33.88,6.79,6.95,8.2,7.37,3.27,15.62,20.6,469.6,58.7,5.8,19.8,50.6,21.8,Not Useful,26.6,No
L349,71.994,83.968,4.99,15.12,11.98,32.3,13.15,11.35,4.54,44.2,24.4,6.08,9.32,9.15,2.85,1.76,2.21,88.1,306.5,81,20.7,26.7,74.4,68.6,Useful,34.1,No
L350,-71.06,95.954,16.02,82.87,5.5,22.74,9.84,16.67,6.81,52.41,16.84,4.24,9.38,7.17,3.14,1.7,2.47,91.6,496.2,55.3,21.2,19.9,69.3,72,Useful,52.8,No
L351,-46.387,162.007,11.41,46.07,7.58,20.24,11.55,5.87,6.42,49.99,19.53,5.25,17.84,9.97,5.61,2.49,10.11,39.7,374.3,48.5,27.2,25.2,76.3,35.3,Not Useful,36.9,No
L352,56.072,50.764,4.91,75.63,25.25,6.82,0.45,3.21,2.75,45.69,19.77,5.44,16.45,7.17,3.32,2.01,5.07,67.7,337.5,21.6,13,2,31.9,63.8,Useful,25.2,No
L353,59.481,-119.562,25.07,81.76,11.72,12.33,1.31,11.33,11.85,50.34,33.22,4.22,8.58,7.65,6.49,3.5,16.13,17.8,334.5,22.1,18.6,0,36.7,23.1,Not Useful,68.3,Yes
L354,-23.584,-155.761,5.85,43.25,3.23,13.09,14.05,4.53,2.84,45.83,33.47,2,8.21,7.56,5.99,2.75,11.56,35.7,229.4,6.6,22.6,6.7,41.4,37.9,Not Useful,19.9,No
L355,63.28,-6.433,7.65,34.12,17.97,39.32,2.55,8.8,5.88,52.01,14.29,8.39,14,10.19,3.28,1.53,1.16,98.1,166,63.5,23.2,14.2,58.3,73.1,Useful,41.5,No
L356,-83.177,152.427,11.73,58.68,17.55,15.29,16.01,7.6,6.22,54.77,15.82,6.59,18.45,8.78,5.43,3.07,14.77,30.9,187.3,29.7,21.1,25.5,59.9,28.7,Not Useful,41.7,No
L357,39.51,38.903,20.93,85.67,22.18,13.15,6.95,15.86,10.24,45.42,34.44,7.68,9.33,7.27,7.68,3.23,18.98,12,453.3,66.5,8.1,20.2,54.9,15.9,Not Useful,68.5,Yes
L358,-58.242,-90.371,13.35,35.73,13.27,0.24,21.75,6.71,5.65,47.69,13.54,3.68,6.38,7.25,3.9,2.54,9.47,59.3,362.5,31.1,16.9,12.6,48.8,51.2,Not Useful,37.7,No
L359,17.133,-124.992,9.99,45.86,19.07,10.87,19.53,5.29,6.71,42.96,14.19,6.02,12.58,9.47,2.97,2.16,6.34,73.5,190.7,85.4,19,0,45.6,60,Not Useful,37.6,No
L360,25.389,31.791,25.43,30.58,13.91,18.14,9.38,17.5,9.88,37.73,21.73,3.56,7.84,8.27,8,3.49,17.78,11.1,470.1,97,1.5,13.3,47.3,14.6,Not Useful,73.6,Yes
L361,23.571,63.513,14.31,13.11,27.65,15.39,14.14,8.38,6.75,40.11,32.83,9.14,12.64,8.9,6.6,2.63,10.98,48.9,367.8,24.2,32.3,23.9,76.2,36.3,Not Useful,51,No
L362,-44.483,-71.201,24.41,61.63,7.84,18.22,17.03,13.53,11.08,54.04,31.04,2,16.56,8.64,5.65,2.1,8.71,64.8,259.3,18.9,0,13.8,23.9,53.8,Not Useful,67.8,Yes
L363,35.337,8.986,33.87,62.68,11.48,12.32,10.29,24.01,15,36.78,25.9,6.18,10.17,7.89,6.54,3.37,16.57,22.1,493.5,81.6,11,5,48.9,23,Not Useful,95.5,Yes
L364,-60.097,-74.475,22.91,68.64,5.12,14.99,17.6,12.29,9.25,53.97,21.27,5.1,7.78,7.34,8,3.42,15.73,15,204.4,62.7,0,0,18.7,22.1,Not Useful,60.5,Yes
L365,-29.335,-25.397,13.22,32.14,10.26,23.43,11.95,12.68,5.33,36.22,28.79,2.09,13.74,6.5,3.02,1.42,0,98.8,493.4,76.1,26.2,15.3,75.3,76.7,Useful,45.7,No
L366,56.709,-47.365,12.98,81.21,29.98,32.67,23.52,12.49,6.07,36.14,18.9,7.65,6.5,9.85,4.81,2.72,11.65,45.7,301,86.9,15.7,35.2,77,35.9,Not Useful,56.2,No
L367,77.552,175.274,21.64,62.71,14.26,16.53,4.7,19.6,11.1,51.25,10.42,4.65,5.69,8.73,3.63,1.82,3.57,78.6,306.3,8.1,0,15.1,24.4,68.3,Useful,71.1,Yes
L368,-46.638,-103.809,30,82.42,22.03,11.75,4.88,14.93,12.96,46.44,31.42,6.93,6.92,8.49,4.87,1.98,3.66,77.7,84,44.6,16.8,14.8,44.9,63.1,Useful,84,Yes
L369,77.72,95.881,26.36,62.78,2.68,17.4,17.89,13.47,12.81,53.05,29.16,2,8.86,6.84,5.53,2.25,11.49,50.5,362.7,9,2.2,0,15.3,47.8,Not Useful,70.4,Yes
L370,81.732,27.69,21.02,61.52,11.31,28.7,18.4,13.28,9.92,46.24,31.4,6.3,8.35,9.26,8,2.91,14.38,19.8,372.3,11.6,0,19.5,31,23.9,Not Useful,64.8,Yes
L371,18.264,-127.487,0.06,14.95,16.07,33.88,24.5,3.22,1.12,48.59,29.91,5.81,14.02,8.14,6.13,3.13,15.14,22.2,471.4,83.7,9.2,20,59.9,25.1,Not Useful,17.9,No
L372,36.073,-161.076,23.29,74.1,21.09,23.96,7.72,20.38,9.22,54.94,27.66,6.61,17.43,10.22,4.94,2.37,10.4,52.1,413.9,21.1,6.4,0,24.3,45.5,Not Useful,76.2,Yes
L373,-66.438,90.816,30.29,24.32,14.63,15.67,24.61,20.22,14.06,54.82,23.7,4.61,15.17,8.41,2.48,1.44,2.2,94.2,348.2,19.5,13,0,29.9,78.7,Useful,88,Yes
L374,-13.12,122.998,20.31,74.41,25.49,28.38,11.44,10.78,8.13,48.92,17.28,5.82,8.27,9.2,4.35,1.67,6.22,73.6,339.2,98.8,19.8,24.6,75.8,57.7,Not Useful,65.3,Yes
L375,28.533,99.983,32.41,17.68,29.22,7.19,1.31,24.39,14.27,46.87,34.24,8.98,11.06,9.05,8,3.31,16.39,12.9,326.4,37.5,2.9,0,20.8,18.9,Not Useful,99.1,Yes
L376,12.856,-144.201,30.27,62.02,8.26,26.13,9.18,14.82,11.75,44.78,26.72,4.2,5.35,9.28,5.72,2.16,8.55,58.7,90.5,48.4,2.8,0,15.7,51.4,Not Useful,80.1,Yes
L377,-57.611,19.7,2.22,82.71,23.86,7.4,20.32,2,2.51,45.73,30.3,7.21,12.78,6.8,5.63,2.47,9.16,58.5,482.8,89.8,22.6,32.3,88.5,43.6,Not Useful,19.5,No
L378,-9.914,27.746,28.02,19.84,3.86,8.25,4.03,18.23,13.2,35.7,34.5,3.3,10.45,6.5,4.63,2.62,8.44,56.3,473.1,51.9,10.4,0,37.1,49.4,Not Useful,75.9,Yes
L379,-21.279,145.318,24.33,51.81,29.58,14.08,13.46,13.05,9.54,51.4,15.93,6.86,9.5,7.16,3.41,1.87,5.68,80.8,64.2,62.2,13.5,8.5,38.2,67.1,Useful,73.5,Yes
L380,18.649,-152.091,14,16.66,7.63,17.01,17.36,11.66,5.53,49.65,34.88,5.01,7.89,8.72,5.98,2.97,13.19,37.2,76.7,99.2,16.3,20.9,60.6,31.7,Not Useful,43.8,No
L381,-1.869,10.426,4.36,18.8,16.45,2.64,16,5.59,2.66,40.47,31.72,4.42,5.15,6.72,7.22,2.69,14.33,37.7,87.9,72.8,12.8,37.4,66.3,30.2,Not Useful,21.7,No
L382,-21.816,84.752,24.52,79.23,16.55,24.3,22.41,12.74,12.16,42.79,18.63,7.02,19.52,8.21,4.25,2.58,9.34,55.2,4.7,51.4,10.3,9.3,31.2,50.2,Not Useful,73.5,Yes
L383,-33.707,-147.549,1.85,68.03,29.23,28.3,6.23,6.92,2.82,38.66,34.66,9.84,12.53,9.83,7.5,3.25,14.19,27.6,152.6,85.8,25.7,16.7,67.6,20.8,Not Useful,30.1,No
L384,73.96,88.53,2.78,68.4,28.35,6.6,1.44,8.69,2.72,44.86,31.86,10.48,11.36,8.36,6.67,2.46,10.75,50.9,444,69.8,8.8,27.7,62.8,40.2,Not Useful,27.9,No
L385,-13.91,-43.526,25,66.21,22.49,9.77,18.47,20.76,11.97,52.61,23.2,7.54,14.11,8.39,2.45,1.78,2.3,92,37.6,83.9,0,2.9,20.5,77,Useful,80.1,Yes
L386,-2.112,-51.932,13.06,19.06,27.42,9.99,13.48,13.54,5.32,40.98,17.34,6.55,16.07,10.03,5.45,2.22,7.49,56.9,412.9,3.5,7.2,23.2,42.6,48.2,Not Useful,50.5,No
L387,-57.207,112.156,21.54,36.28,10.62,0.21,22.25,11.56,9.25,37.03,22.3,2.55,12.71,6.92,7.79,3.25,15.42,15.4,113,39.5,15.4,30.1,56.9,19.4,Not Useful,57.1,No
L388,9.022,107.935,3.8,45.09,25.18,6.47,8.84,6.05,2.52,52.41,14.96,5.98,5.6,6.94,5.31,2.96,13.08,39.5,239.6,66.5,17.2,30.4,68.5,34.1,Not Useful,25.6,No
L389,-37.896,-5.065,25,35.99,22.93,35.27,12.55,20.49,12.03,42.78,12.74,5.13,5.32,7.25,7.41,3.24,15.36,23.2,171.1,97.6,7.3,0,33.5,25.4,Not Useful,85.5,Yes
L390,-66.187,-166.188,26.63,29.82,4.57,20.45,6.24,19.65,12.71,54.89,16.18,5.02,7.98,8.31,3.56,2.16,7.23,70,496.3,59.1,4.2,0,31.7,60.2,Useful,77.3,Yes
L391,-81.44,-165.28,34.66,84.33,12.79,24.66,2.27,16.11,14.39,41.13,25.83,3.71,10.04,7.52,4.85,2.56,9.89,50.7,140.3,35.1,1.9,9.3,21.9,49.4,Not Useful,92.4,Yes
L392,27.045,-104.388,1.82,69.58,6.36,18.88,22.71,2,1.25,53.97,19.09,2.79,6.45,7.62,8,3.5,19.93,1.4,180.7,77.9,10.4,18.3,49.9,10.3,Not Useful,12.5,No
L393,9.089,-89.091,13.44,80.98,3.91,29.7,3.01,11.91,7.84,48.09,14.76,4.31,18.88,9.2,8,3.34,18.69,7.5,101,72.1,23,21.8,64.7,10.2,Not Useful,47.2,No
L394,43.329,-36.902,30.7,78.28,27.2,39.01,22.37,18.3,13.82,53.22,11.69,7.54,18.97,9.09,4.39,2.49,7.52,52.8,22.7,56.6,11.4,0,25.7,50.7,Not Useful,96.7,Yes
L395,37.486,18.774,23.96,79.62,29.15,6.62,18.77,14.63,11.44,43.02,16.79,6.75,7.4,9.46,6.55,3.19,15.08,28.5,353.9,52.5,6.1,11.7,39,25.8,Not Useful,75,Yes
L396,39.974,-32.997,5.99,13.65,7.15,1.56,3.7,11.53,5.06,40.41,29.77,4.64,8.74,7.69,3.94,1.47,3.67,82.3,184.6,8.3,15.2,7.9,32.5,71.7,Useful,28,No
L397,57.032,-100.57,21.4,35.97,1.72,32.64,20.6,11.82,11.03,38.53,34.29,3.03,19.68,9.28,3.72,1.67,5.89,76.1,326.9,87,1.3,0,28.7,64.6,Useful,62.4,Yes
L398,-19.044,38.816,9.41,56.53,24.23,30.12,3.89,6.55,5.75,42.37,32.55,5.31,7.72,8.26,7.8,3,17.75,18.5,323.8,2.1,20.6,25.3,57.7,19,Not Useful,42.7,No
L399,-87.571,167.89,2.43,15.76,7.36,36.37,24.26,2.1,2.5,49.54,30.2,4.49,10.67,8.88,6.99,3.5,20,2.1,124.2,8.4,25,31,63.3,8.9,Not Useful,19.1,No
L400,60.567,-128.939,33.52,18.51,22.08,13.54,17.69,17.11,14.18,46.26,21.11,5.23,9.98,8.81,6.02,3.2,13.6,23.1,412.5,10.3,5.2,16.5,35.5,28,Not Useful,92.9,Yes
L401,71.206,37.622,31.93,11.92,12.81,5.9,16.38,16.63,14.77,42.69,32.11,6.68,6.69,10.12,6.54,2.82,13.56,24.4,307.8,11.8,23.9,0,40.3,27,Not Useful,85.4,Yes
L402,-32.354,-39.384,6.23,52.44,17.99,27.18,3.76,9.48,3.27,51.35,18.71,4.12,18.74,9.15,3.51,2.32,8.5,66.2,1.1,93.3,24.9,31.7,77.2,51.1,Not Useful,34.2,No
L403,-14.641,-1.043,25.25,72.84,14.35,2.69,14.45,20.96,10.43,36.81,34.87,3.78,10.78,7.96,6.92,2.89,12.27,37.1,166.7,80.2,4.6,0,26.6,36,Not Useful,73.9,Yes
L404,66.019,114.844,18.68,52.6,24.64,15.39,14.52,12.63,8.83,48.87,28.71,8.44,8.53,8.53,8,3.08,19.93,10.2,460.5,6,0,20.8,33.7,15.4,Not Useful,62.3,Yes
L405,-84.567,-48.512,10.31,21.53,25.6,38.87,22.82,7.07,6.4,36.12,13.45,9.93,15.56,7.79,6.66,3.04,10.56,37.7,331.4,7.4,26.4,2.8,45.6,35.9,Not Useful,47.7,No
L406,-88.044,119.765,2.76,16.17,17.08,32.55,3.74,3.07,3.28,49.96,27.46,4.91,11.17,7.45,5.52,2.97,14.38,33.7,440.6,3.2,18.1,8.2,42.9,34.1,Not Useful,24.6,No
L407,56.981,-11.363,23.8,80.08,16.62,33.18,22.98,15.73,11.17,43.47,13.92,8.19,12.82,8.78,2.37,1.36,0,93.1,91.8,74.6,0,0,17.7,81.8,Useful,75.6,Yes
L408,-84.174,-83.1,10.96,61.35,24.82,6.59,20.08,11.4,4.75,37.17,11.95,7.98,17.7,6.56,8,3.5,18.57,2.8,378.3,30.9,7.2,15.4,40.1,11.7,Not Useful,43.1,No
L409,55.349,-125.933,34.18,55.18,16.91,31.61,1.14,18.53,15,35.17,18.92,4.79,10.97,10.2,7.28,3.15,15.69,26.6,48.7,40.7,7.8,0.4,19.3,24.2,Not Useful,97.7,Yes
L410,-28.545,102.727,20.55,40.57,17.59,34.08,7.25,10.76,9.2,52.7,12.33,7.11,18.27,6.94,5.04,2.01,4.89,78.6,258.2,72.9,0,0,22.3,64.6,Useful,64.9,Yes
L411,-73.059,-67.061,11.87,38.83,25.68,17.24,22.27,13.08,5.67,39.18,25.26,5.51,7.29,6.87,5.69,2.39,7.43,62.8,273.6,96.9,18.7,15.8,64.2,49.6,Not Useful,49.6,No
L412,-66.783,-47.976,32.69,22.92,8.4,14.53,2.23,16.5,14.74,40.16,21.83,2.96,18.15,8.57,3.47,1.92,5.51,65.3,429.5,40.1,19.1,0,43.8,60.4,Useful,86.4,Yes
L413,-6.79,-146.339,29.57,86.16,11.21,27.29,12.65,15.93,13.86,48.65,25.52,5.46,16.12,9.71,6.02,2.62,15.12,30.8,79.1,39.9,15.1,9.4,36.9,30.5,Not Useful,84.1,Yes
L414,25.239,-64.733,16.31,61.4,27,18.59,2.15,14.66,8.95,53.45,29.21,6.4,9.93,9.11,6.14,2.77,14.59,37,139.2,3.8,13,14.3,33.5,33.1,Not Useful,62.3,Yes
L415,30.536,-86.599,1.1,58.09,11.41,37.46,9.04,4.79,1.84,36.08,31.7,7.04,15.26,6.58,6.51,2.75,15.15,27,149.2,71.2,24.7,11.2,58.5,27.6,Not Useful,20.4,No
L416,20.972,-63.456,29.07,17.4,27.05,13.68,18.83,14.73,12.09,43.38,21.89,8.85,7.41,7.86,3.18,2.18,5.58,69.2,391.5,59.7,18.5,12,56.7,60.5,Useful,83.9,Yes
L417,-50.648,172.452,34.52,85.12,22.29,29.47,7.91,17.04,14.49,37.95,31.61,5.03,19.55,8.1,6.61,2.31,11.17,44.5,62.9,44.9,11.6,4.1,28.5,42.7,Not Useful,98.1,Yes
L418,4.171,95.429,14.71,53.69,4.98,15.1,8.7,16.14,8.5,46.54,10.36,5.07,5.24,9.1,3.64,1.83,2.08,89.7,228,41,12,30,56.5,69.2,Useful,50.7,No
L419,-0.647,90.622,3.97,24.07,12.85,7.08,14.87,7.21,2.65,51.9,27.21,4.76,9.25,10.28,5.57,2.44,9.29,62,51.9,65,11.9,13.1,40.6,46.3,Not Useful,21.9,No
L420,-22.564,-99.383,32.45,17.98,13.32,23.25,0.82,17.5,13.59,39.46,21.37,4.57,7.93,9.96,5.26,2.77,8.52,49.9,410.2,70.4,7.9,3.8,39.3,42.7,Not Useful,89.3,Yes
L421,-55.321,51.996,9.93,80.37,7.93,33.54,19.88,8.61,4.5,53,20.36,2,7.3,8.7,5.76,2.96,13.78,37.4,479.6,99.3,19.1,46.9,99.4,27.8,Not Useful,37.6,No
L422,-53.323,-146.424,29,74.11,17.34,5.15,15.91,22.82,11.54,53.08,22.93,5.65,6.49,9.44,4.77,1.94,4.4,78.1,313.7,26,0,0,14.6,64.3,Useful,84,Yes
L423,48.67,57.333,15.31,60.31,17.8,1.11,17.69,16.1,6.05,42.65,28.56,4.21,11.81,9.89,4.23,2.04,6.8,63.2,267.7,24.5,20.6,2.8,40.2,54.5,Not Useful,51,No
L424,-76.264,67.441,9.62,84.8,18.82,25.54,14.48,5.36,5.03,46.92,12.68,5.18,18.42,9.65,7.46,3.31,18.12,9.3,245.5,2.2,36.1,31.3,79.3,10.2,Not Useful,38,No
L425,-85.853,4.228,13.13,35.09,27.25,32.34,4.5,6.01,5.53,46.35,25.17,5.61,19.64,8.49,1.88,1.46,0.06,99.4,370.8,92.7,18.7,22.3,72.1,79,Useful,49.2,No
L426,33.67,139.433,5.33,79.35,3.44,8.68,8.19,4.6,4.21,53.8,16.69,3.1,19.3,9.28,6.3,2.7,13.23,34.9,256.3,40,19.7,25.8,62.6,30.7,Not Useful,20.1,No
L427,-83.923,4.088,9.84,41.43,17.51,30.66,7.79,12.37,6.6,44.76,32.07,5.62,16.21,8.02,3.89,1.85,4.17,81.6,187,63.3,22.5,22.4,65.3,65,Useful,46.6,No
L428,53.143,143.548,20.54,33.48,24.8,25.8,24.13,12.77,7.9,38.6,18.07,8.91,10.37,9.42,6.41,3.16,17.39,16.2,159.3,1.1,3.7,14.8,22.8,21.9,Not Useful,66.2,Yes
L429,-67.663,-118.39,19.66,40.85,18.05,21.09,2.57,11.63,9.29,52.67,31.5,3.98,18.39,7.58,4.95,2.47,11.86,45.8,401.4,49.9,16.4,4.4,45.6,43.8,Not Useful,61.9,Yes
L430,45.665,-35.876,11.44,40.63,17.29,11.4,16.09,13.71,7.31,53.23,17.11,7.67,11.04,8.88,2.2,1.33,3.76,89.6,47.6,80.3,16.9,12.1,48.7,74.2,Useful,46.8,No
L431,72.41,-47.203,19.48,35.05,18.37,15.73,17.41,13.31,9.95,54.34,13.04,5.54,14.27,6.72,7.11,3.03,15.69,12.5,343.8,43.6,10.5,10.7,41.3,22,Not Useful,62.9,Yes
L432,83.851,-31.214,31.6,89.17,28.02,34.72,6.49,22.07,12.34,53.94,11.88,7.25,14.19,6.85,3.76,1.65,3.27,79.1,63.1,86.2,8.3,0,29.1,70,Useful,98.8,Yes
L433,-87.637,-102.191,15.64,19.79,15.83,23.12,16.53,16.8,6.91,49.62,15.65,4.48,9.44,8.94,8,3.5,18.58,8.3,102.9,7.8,20.8,19.4,47,11.8,Not Useful,56.9,No
L434,-39.989,-120.889,28.65,25.03,3.14,8.35,14.76,18.17,13.46,50.21,17.8,2.9,7.31,7.75,6.5,2.26,11.08,52.9,433.9,51.3,9,0,34,45.9,Not Useful,76.8,Yes
L435,-40.934,-144.787,10.75,79.59,19.45,5.89,21.9,12.29,4.81,52.88,14.68,4.03,14.93,6.64,5.56,2.85,10.01,45.3,75.3,50.2,15.4,19.8,48.6,40.6,Not Useful,41.3,No
L436,38.848,-38.913,22.7,68.56,12.68,11.76,10.07,16.16,10.22,44.87,20.84,5.94,14.7,6.5,2.58,1.3,0.58,91.5,32.9,10.1,9.6,18.8,31.5,79.8,Useful,67.1,Yes
L437,71.976,-128.94,3.55,68.71,26.39,10.73,5.14,9.45,2.39,40.76,24.91,8.95,6.41,7.52,6.47,2.47,10.74,50.3,119.3,31.5,22.7,22.7,57.5,42.3,Not Useful,29.3,No
L438,-63.615,-146.192,0.45,47.97,10.02,7.1,6.6,2,2.21,52.06,24.85,6.85,13.75,9.58,5.71,2.28,9.22,48.8,495.2,83.5,13.2,19,64.6,41.8,Not Useful,10.7,No
L439,86.155,128.256,10.66,68.89,13.58,29.39,24.74,7.37,5.51,42.29,10.34,4.48,15.65,9.91,3.54,1.83,3.27,89.1,56.4,68.6,17.8,18,52.9,67.1,Useful,40.4,No
L440,69.839,-39.231,23.08,21.33,14.93,9.77,18.53,20.12,9.85,49.89,14.85,7.76,14.58,9.9,3.01,1.66,3.1,92.1,479.2,52.7,6.8,20,51.1,70.3,Useful,71,Yes
L441,-35.344,-76.226,14.61,89.52,9.28,1.64,13,10.01,7.39,43.67,21.38,6.7,16.89,9.04,6.56,2.96,16.11,28.8,75.1,96.7,9.6,9.6,41.7,26.6,Not Useful,43.1,No
L442,-54.589,30.681,27.99,11.25,1.23,11.32,14.83,13.13,11.55,43.61,26.51,2,8.77,8.96,6.71,2.93,11.18,39.8,77.5,8.6,4.6,37.9,43.6,34.6,Not Useful,69.1,Yes
L443,-35.809,-149.185,2.83,27.51,14.2,14.19,20.29,7.64,2.34,54.34,12.45,4.15,9.53,7.59,6.72,3.02,14.04,31.1,341.7,20,24.7,29.6,70.5,28.2,Not Useful,22.3,No
L444,20.738,-71.14,19.83,60.27,16.37,15.04,21.9,13.29,7.95,43.84,17.83,7.95,15.69,7.94,4.47,2.51,10.34,46.8,279.5,95.7,6.2,28,60.2,44.2,Not Useful,59.9,No
L445,-3.336,-60.729,8.49,50.98,3.82,21.73,14.14,6.76,5.49,42.85,20.07,2,17.11,6.52,4.21,1.39,2.34,87.5,324.9,33.3,23.4,24.8,66.8,69.8,Useful,31,No
L446,18.682,-136.428,2.13,69.24,20.23,29.57,1.33,3.01,1.24,49.81,22.38,5.16,15.14,10.26,2.28,1.59,2.16,85.2,242.5,68.8,18.1,20.1,60.7,69.4,Useful,21.8,No
L447,28.344,-118.521,3.39,26.34,14.21,33.31,11.1,2.08,1.65,43.09,34.57,6.94,17.63,9.74,5.51,2.49,10.35,54.7,216.2,63.6,23.9,36.9,81.1,39.6,Not Useful,21.6,No
L448,21.578,-164.653,25.96,53.73,14.28,11.6,16.69,21.27,11.34,48.35,19.78,6.35,6.61,8.13,5.89,2.31,10.61,45.4,5.5,30.3,0,0,6.2,47.1,Not Useful,78.1,Yes
L449,47.269,-70.945,31.75,87.02,14.04,28.92,6.92,24.1,13.14,52.12,22.58,4.55,15.59,7.71,6.4,2.73,9.61,43.2,169.6,71.5,9.5,0,30.8,42.3,Not Useful,94.7,Yes
L450,-70.88,156.324,13.79,83.29,19.35,15.06,11.79,12.79,6.97,53.55,29.38,6.5,6.94,8.77,6.21,2.79,15.34,32.4,22.5,85.2,19.9,23.8,63.1,28.4,Not Useful,50.7,No
L451,-32.191,71.541,16.67,70.79,29.44,32.34,18.32,9.87,9.04,38.48,32.31,9.67,11.3,9.69,6.32,3.02,17.35,15.5,381.7,60.7,17.8,0,44.9,20,Not Useful,62.8,Yes
L452,8.385,-154.093,13.22,89.11,17.21,7.99,6.31,10.32,5.88,39.02,14.05,7.51,17.13,8.97,6.44,3.25,16.48,19.2,405,89.3,12.8,27.9,70.5,19.1,Not Useful,44.1,No
L453,-48.497,36.536,6.49,68.4,27.33,25.69,12.4,11.24,4.18,44.47,18.8,8.56,13.38,7.8,6.41,3.25,15.51,13.8,39.1,78.2,16.8,24.8,59.3,21.6,Not Useful,40.8,No
L454,-42.65,-169.208,11.58,27.92,28.22,36.89,6.28,12.24,4.61,52.43,34.2,6.02,13.63,7.9,2.4,1.7,4.66,85.3,348.8,11.1,0.4,24,34.8,72.5,Useful,52.3,No
L455,20.238,-150.986,11.83,30.87,10.04,30.59,3.48,10.8,6.7,53.48,26.58,6.4,8.53,9.11,8,3.5,20,7.3,17.7,98.1,28.3,15.8,68.3,7.7,Not Useful,45.2,No
L456,-80.615,95.645,19.3,85.73,8.12,1.67,0.89,13.76,9.28,43.63,17.59,5.87,19.57,9.55,8,3.5,17.79,2.1,430.1,68.2,17.2,7.4,53.8,9.1,Not Useful,54.9,No
L457,39.569,112.544,24.34,44.38,12.81,5.51,10.95,19.92,12.2,42.35,14.84,4.74,5.87,9.29,7.57,2.78,14.41,29.7,396.6,56.8,9.4,4.9,38.9,27.6,Not Useful,73.8,Yes
L458,79.457,100.875,2.68,20.14,5.42,1.75,8.74,7.76,1.75,40.85,25.15,3.48,6.84,8.28,8,3.46,17.46,7.7,178.5,91.5,20.3,35.5,80,10.8,Not Useful,15.2,No
L459,86.024,71.403,10.24,62.29,15.81,10.7,17.44,9.64,4.05,53.01,27.64,6.27,9.2,7.22,7.72,3.43,14.48,20.4,105.4,37.2,19.8,14.9,47.8,22.3,Not Useful,36.9,No
L460,7.479,-54.79,22.75,46.3,3.43,19.96,0.84,13.02,9.8,51.54,12.11,2.08,14.15,6.5,4.62,2.37,11.03,52.1,92.2,43.1,14.5,7.8,35.7,47.1,Not Useful,61.8,Yes
L461,78.836,-13.139,0.91,58.7,26.8,36.91,22.69,8.51,2.12,50.15,18.52,9.51,11.51,6.53,4.9,2.79,12.37,42.8,194.1,72.1,11.1,2.2,35.5,40.2,Not Useful,29.9,No
L462,55.847,38.88,20.04,55.46,15.57,6.5,9.53,16.47,10.39,37.64,10.38,7.11,19.26,7.65,7.03,3.24,15.55,17.3,307.8,36.2,0.5,0,17,26,Not Useful,63.8,Yes
L463,-40.294,132.86,4.35,55.48,9.63,10.58,4.47,6.59,2.97,44.33,34.15,4.33,17.66,7.41,7.32,3.38,13.88,21.8,157,6.4,23.8,35.4,66.4,22.8,Not Useful,21.8,No
L464,18.104,-54.097,4.45,60.43,4.41,24.72,1.24,3.15,1.81,48.69,31.51,3.78,5.63,7.34,3.66,2.13,3.9,71.7,339.2,85.7,10.3,32.7,69.1,61.4,Useful,18.4,No
L465,-81.97,154.911,2.71,45.51,15.33,9.48,8.14,4.93,3.5,43.32,26.05,7.45,7.15,7.93,6.82,2.78,14.62,32.7,235.3,97.4,14.6,15.9,58.4,30,Not Useful,20.8,No
L466,13.399,17.364,31.92,12.04,18.27,32.32,12.77,22.17,13.65,46.63,18.6,4.73,17.46,10.29,6.49,3.24,18.35,12.8,38.7,93.6,9.5,16.7,46.3,15.5,Not Useful,96.4,Yes
L467,68.441,-49.723,14.63,68.64,25.43,21.11,1.29,11.31,7.13,43.82,16.73,9.27,9.4,7.75,6.78,3.22,14.09,24.4,374.1,11.5,18.7,36.2,68.6,24.8,Not Useful,54.7,No
L468,86.985,27.364,12.32,50.45,27.44,26.13,15.13,10.03,5.94,46.39,30.67,6.11,13.06,6.85,3.34,1.93,4.1,77.6,143.4,31.4,25.3,25.1,63.5,64.5,Useful,50.6,No
L469,-17.583,20.499,22.14,71.81,27,35.06,0.39,11.17,9.2,46.09,33.25,9.11,6.9,10.26,6.61,3.43,17.15,12.9,433.4,91.9,14.2,0,48.4,15.3,Not Useful,71.7,Yes
L470,78.592,-149.836,24.92,19.52,26.92,35.93,14.79,17.38,12.45,35.9,28.47,7.16,11.73,7.46,5.71,2.81,10.85,44.8,67.3,18.3,9.8,0,17.4,44,Not Useful,85.1,Yes
L471,-64.225,113.035,31.35,57.48,11.1,25.98,9.48,18.49,13.44,46.76,33.62,2.7,9.46,8.62,6.94,2.97,12.46,39,213.3,32.3,5.9,10.7,29.6,34.4,Not Useful,88,Yes
L472,60.982,91.751,25.71,89.14,6.32,20.77,14.38,17.73,10.07,40.7,12.96,2.63,11.58,10.26,4.15,1.96,2.1,85.3,462.3,66.6,11.4,10.3,50.2,64.9,Useful,71.8,Yes
L473,-42.65,131.221,0.96,82.2,28.8,21.59,19.97,2,2.86,35.52,15.08,10.47,13.57,7.48,3.21,2.17,5.44,73.2,353.2,84.5,10,23.6,60.8,62,Useful,23.1,No
L474,61.458,58.007,34.76,68.53,3.49,14.15,1.98,23.57,15,41.54,22.68,2.08,14.46,7.56,6.33,2.53,10.39,53.6,216.7,93.2,9.9,0,37,45.5,Not Useful,93.5,Yes
L475,10.393,-104.923,30.72,12.85,19.03,0.32,3.42,17.58,14.5,48.47,16.63,4.56,17.21,9.8,5.36,1.81,4.66,72.4,428.6,74.9,11,5.1,45.6,58.3,Not Useful,85.6,Yes
L476,45.893,-76.582,6.23,43.45,7.89,15.21,14.6,9.18,3.82,48.14,14.5,3.08,8.48,7.87,6.27,3.13,14.1,29.2,240.5,9.7,30.6,33.4,75.9,26.8,Not Useful,28,No
L477,48.924,-85.822,33.93,36.03,19.87,4.63,11.62,18.46,13.23,48.94,27.62,7.84,12.26,7.24,3.37,1.8,4.28,78.4,253.7,89,8.6,1.5,37.1,68.5,Useful,90.6,Yes
L478,40.001,108.869,11.12,41.31,13.26,15.95,22.81,7.69,6.41,41.8,30.46,4.19,11.15,8.8,6.19,2.15,7.22,57.3,306.7,33,16.7,18.8,52.8,48.6,Not Useful,39.5,No
L479,-86.395,158.528,3.16,66.38,27.37,30.67,13.82,7.97,2.76,42.24,14.96,6.26,13.04,9.94,3.05,1.87,1.72,86,107.8,73.3,20,19,59,67.7,Useful,32.5,No
L480,-87.346,118.891,3.59,41.83,14.55,6.28,7.54,3.91,3.68,39.95,16.81,3.53,16.76,7.38,3.57,2.29,5.42,65.5,36.9,72.2,18.6,9.7,46.6,59.6,Not Useful,20.5,No
L481,73.38,11.953,21.17,22.15,22.08,31.7,4.86,15.58,8.98,41.47,22.81,4.53,9.11,8.19,6.22,3.09,13.61,27.2,46.5,96.7,0,0.7,21.4,32,Not Useful,70.9,Yes
L482,-1.834,-90.011,8.56,11.38,14.91,15.75,9.32,9.32,3.58,39.48,34.38,4.97,8.48,7.63,6.97,2.86,12.86,37,487.9,9.5,25.8,37.5,81.2,30.5,Not Useful,34.2,No
L483,27.362,-64.138,4.95,59.32,14.21,28.92,14.17,4.55,4.18,40.04,17.79,4.53,7.26,6.5,6.94,2.83,13.83,32.1,377.5,79.5,11.4,17.6,56.6,29.3,Not Useful,28.2,No
L484,8.475,-36.214,24.81,51.15,25.76,39.71,2.04,12.22,11.53,42.51,28.92,5.96,16.22,6.5,6.72,3.35,14.93,24.1,85.4,80.3,0,6.3,24.3,26.5,Not Useful,79.8,Yes
L485,63.431,-131.278,10.39,44.84,8.83,36.88,16.92,9.9,5.79,42.43,26.26,2.47,12.85,8.38,6.49,3.27,16.37,20.4,231.4,93.6,29.5,12.9,72.7,20.2,Not Useful,42,No
L486,-40.575,115.472,18.35,76.35,0.29,16.65,3.76,8.93,9.91,41.24,14.69,3.53,13.07,6.93,6.04,2.85,11.62,33.1,279.6,22.6,5.3,3.4,22.4,37.5,Not Useful,50.2,No
L487,-40.097,110.628,30.38,56.76,9.17,24.98,10.08,16.22,13.17,48.19,11.94,2.6,15.96,9.49,6.59,2.61,12.29,33.8,383,33,9.5,0,29.5,34.3,Not Useful,83.3,Yes
L488,10.826,-44.169,30.5,63.48,14.2,6.72,19.58,23.61,11.86,51.07,13.66,3.66,18.12,8.35,6.02,2.5,14.09,37.5,332.4,32.7,4,5,25.8,37.6,Not Useful,86.3,Yes
L489,-24.176,-12.213,13.49,47.96,9.35,20.88,13.27,14.9,7.65,54.11,33.64,6.04,15.67,9.46,4.05,1.73,3.44,84,279,43.5,17,21.8,57.1,65.3,Useful,49.9,No
L490,-40.509,-7.655,23.45,68.28,6.41,22.39,24.95,19.95,10.06,38.58,28.69,2,11.63,6.68,4.88,2.27,7.08,54.7,126.9,92.2,6.4,3.4,32.9,52.5,Not Useful,70.7,Yes
L491,66.764,-132.607,1.54,65.64,7.59,25.01,24.28,8.92,3.17,53.55,34.93,4.68,12.35,9.53,4.47,2.7,12.03,47.3,14.4,89.4,25.5,33.4,78.9,37.1,Not Useful,22,No
L492,-17.429,121.578,14.69,77.66,1.68,25.5,1.56,7.58,7.21,54.67,14.85,3.41,5.25,9.14,4.61,1.63,4.65,83.7,293.4,94.4,0,17.6,43.5,65.4,Useful,42.8,No
L493,-6.659,-138.146,23.44,15.2,24.75,20.06,18.22,11.39,10.24,40.51,14.97,7.48,7.59,7.4,3.79,1.67,6.66,73.5,170.7,56.8,4.6,0,22,66.4,Useful,71,Yes
L494,-57.959,-129.447,3.17,68.36,5.57,23.65,24.14,9.09,3.57,39.35,19.36,2,15.86,9.91,6.11,3.14,16.41,24.7,377.9,13.3,29.8,25.1,72.4,20.4,Not Useful,23.9,No
L495,36.394,-55.108,11.04,28.08,5.65,35.34,4.43,7.92,6.29,40.29,22.25,4.02,10.23,9.63,3.53,2.25,6.96,64.2,417.4,38.6,12.7,18.4,52,54.1,Not Useful,40.3,No
L496,-83.907,72.464,28.38,73.7,6.22,27.99,12.59,21.07,13.17,36.82,29.34,2.54,12.02,7.05,6.65,3.41,15.93,12.7,293.4,37.2,0.3,14.2,29.5,22.2,Not Useful,83.8,Yes
L497,-29.182,64.28,22.03,79.55,0.24,16.86,8.37,16.39,8.67,53.26,17.66,2.38,7.79,8.6,7.43,3.31,18.87,11.8,199.7,83.4,7.9,14.7,45.3,15.5,Not Useful,60.2,Yes
L498,-30.034,165.569,10.51,87.66,26.32,30.53,22.52,9.8,5.26,50.48,33.85,7.27,5.43,10.16,6.51,2.69,11.45,51.2,99.2,97.2,18,14.7,57.3,36.2,Not Useful,47.4,No
L499,-5.256,67.243,33.96,34.74,22.97,32.06,11.47,16.94,12.91,37.95,32.07,6.1,6.21,7.28,7.04,2.69,12.8,30.1,422.8,37.4,0.7,6.3,26.7,34.6,Not Useful,96,Yes
L500,-50.095,39.068,24.46,83.03,20.05,33.25,17.66,18.64,9.58,37.57,29.08,4.68,16.6,8,3.19,1.82,4.01,86.3,35.8,48.8,7.4,0,19.7,72.7,Useful,78.5,Yes
